State,Percentage_pop_with_bachelors,Year,Adults 19-25,Adults 26-34,Adults 35-54,EnergyC_addunit,num_jobs_tot,Av_temperature,Median_income,GDP,Elec_price,Tot_vehicle,Number of registrations,Label,Label_py,Label_R,Key
Alabama,22.0,2008,429900.0,509400.0,1274800.0,2002980.0,2582591.0,64.1,56105.0,174526.3,25.48,2220095.0,0.0,Low,0,1,Alabama2008
Alaska,27.3,2008,74100.0,79700.0,189300.0,650500.0,443538.0,0.4,80720.0,55122.5,43.21,242650.0,0.0,Low,0,1,Alaska2008
Arizona,25.1,2008,572900.0,801300.0,1691800.0,1465564.0,3402808.0,61.7,59180.0,262926.0,26.71,2234963.0,0.0,Low,0,1,Arizona2008
Arkansas,18.8,2008,250300.0,314800.0,763200.0,1110210.0,1579283.0,61.7,49936.0,99706.8,22.47,957446.0,0.0,Low,0,1,Arkansas2008
California,29.6,2008,3619900.0,4515600.0,10346900.0,8075631.0,20654292.0,58.9,71921.0,1944695.3,36.69,19919068.0,23.0,Low,0,1,California2008
Colorado,35.6,2008,449500.0,636000.0,1442600.0,1487480.0,3251097.0,46.3,76877.0,258871.7,25.25,734665.0,0.0,Low,0,1,Colorado2008
Connecticut,35.6,2008,278400.0,346300.0,1060800.0,774606.0,2256043.0,49.4,81594.0,238936.8,52.16,2018461.0,0.0,Low,0,1,Connecticut2008
Delaware,27.5,2008,76300.0,91700.0,242800.0,291507.0,544911.0,56.0,63959.0,55459.8,36.35,461882.0,0.0,Low,0,1,Delaware2008
District of Columbia,48.2,2008,62300.0,90200.0,159200.0,184106.0,794912.0,59.2,70125.0,99496.5,38.61,171255.0,0.0,Low,0,1,District of Columbia2008
Florida,25.8,2008,1527100.0,1927000.0,5022200.0,4264867.0,10269499.0,71.5,56585.0,763341.5,31.48,8180462.0,0.0,Low,0,1,Florida2008
Georgia,27.5,2008,853400.0,1158000.0,2789300.0,2946558.0,5450887.0,64.4,58314.0,416377.6,25.91,4260495.0,0.0,Low,0,1,Georgia2008
Hawaii,29.1,2008,117400.0,134000.0,347800.0,276654.0,858402.0,76.9,77606.0,65678.2,85.78,488217.0,0.0,Low,0,1,Hawaii2008
Idaho,24.0,2008,142700.0,180100.0,396700.0,537298.0,921093.0,44.7,59818.0,56200.8,16.69,534911.0,0.0,Low,0,1,Idaho2008
Illinois,29.9,2008,1190900.0,1538400.0,3655400.0,4083964.0,7553059.0,53.4,67178.0,654657.5,27.1,5779977.0,0.0,Low,0,1,Illinois2008
Indiana,22.9,2008,532800.0,739300.0,1797900.0,2917143.0,3682931.0,52.9,58683.0,275538.7,20.84,3135611.0,0.0,Low,0,1,Indiana2008
Iowa,24.3,2008,279600.0,311300.0,824500.0,1441784.0,1997615.0,48.5,63252.0,137548.5,20.2,1798052.0,0.0,Low,0,1,Iowa2008
Kansas,29.6,2008,262700.0,316700.0,757100.0,1119535.0,1858069.0,55.3,60395.0,128604.3,21.89,884039.0,0.0,Low,0,1,Kansas2008
Kentucky,19.7,2008,348600.0,492200.0,1229700.0,2008086.0,2402591.0,57.3,51907.0,159883.8,18.41,1972534.0,0.0,Low,0,1,Kentucky2008
Louisiana,20.3,2008,432300.0,489200.0,1194900.0,4228087.0,2550836.0,67.3,49907.0,212392.4,27.81,1957262.0,0.0,Low,0,1,Louisiana2008
Maine,25.4,2008,95500.0,126800.0,403500.0,455348.0,823517.0,40.8,59576.0,50713.2,40.44,561893.0,0.0,Low,0,1,Maine2008
Maryland,35.2,2008,497500.0,618300.0,1668900.0,1466522.0,3430882.0,55.5,80369.0,295400.2,38.12,2650579.0,0.0,Low,0,1,Maryland2008
Massachusetts,38.1,2008,566900.0,726200.0,1933600.0,1435841.0,4215669.0,48.2,76091.0,390778.4,47.58,3236056.0,0.0,Low,0,1,Massachusetts2008
Michigan,24.7,2008,882400.0,1078700.0,2888600.0,2915379.0,5337644.0,46.0,62806.0,390420.9,26.24,4388023.0,0.0,Low,0,1,Michigan2008
Minnesota,31.5,2008,473900.0,598900.0,1528500.0,1913254.0,3526499.0,41.9,69286.0,267420.6,22.89,2543559.0,0.0,Low,0,1,Minnesota2008
Mississippi,19.4,2008,267900.0,315900.0,784100.0,1166061.0,1537431.0,64.7,45975.0,94514.5,26.59,1155133.0,0.0,Low,0,1,Mississippi2008
Missouri,25.0,2008,530500.0,667800.0,1643600.0,1948878.0,3625612.0,56.1,58075.0,254045.8,20.04,2620559.0,0.0,Low,0,1,Missouri2008
Montana,27.1,2008,89300.0,99800.0,261500.0,456670.0,636171.0,43.7,54117.0,37224.9,22.72,375757.0,4.0,Low,0,1,Montana2008
Nebraska,27.1,2008,158800.0,203800.0,479100.0,796063.0,1237365.0,49.9,63991.0,85628.0,19.27,816515.0,0.0,Low,0,1,Nebraska2008
Nevada,21.9,2008,216400.0,328100.0,737000.0,697190.0,1619014.0,51.5,69057.0,130609.5,29.1,699041.0,0.0,Low,0,1,Nevada2008
New Hampshire,33.3,2008,102300.0,134800.0,413300.0,301470.0,844862.0,43.1,83478.0,61700.2,42.89,650130.0,0.0,Low,0,1,New Hampshire2008
New Jersey,34.4,2008,722400.0,938200.0,2639000.0,2594326.0,5123820.0,53.4,82381.0,496227.2,42.31,3826995.0,0.0,Low,0,1,New Jersey2008
New Mexico,24.7,2008,187700.0,225100.0,521300.0,677716.0,1105447.0,54.4,53110.0,84688.4,24.65,692415.0,0.0,Low,0,1,New Mexico2008
New York,31.9,2008,1805700.0,2199300.0,5657400.0,3874882.0,11197699.0,45.7,63655.0,1116591.0,48.27,8576151.0,0.0,Low,0,1,New York2008
North Carolina,26.1,2008,757500.0,1052800.0,2622200.0,2698578.0,5413586.0,60.1,54155.0,418793.4,23.34,3572277.0,0.0,Low,0,1,North Carolina2008
North Dakota,26.9,2008,73300.0,70100.0,161700.0,444397.0,491898.0,41.4,62608.0,31874.4,19.63,346622.0,0.0,Low,0,1,North Dakota2008
Ohio,24.1,2008,972400.0,1271300.0,3255800.0,3999756.0,6725195.0,51.9,59205.0,496919.4,24.67,6413063.0,0.0,Low,0,1,Ohio2008
Oklahoma,22.2,2008,334100.0,419400.0,947700.0,1582452.0,2186554.0,60.3,58167.0,160763.7,22.93,1654409.0,0.0,Low,0,1,Oklahoma2008
Oregon,28.1,2008,333100.0,460300.0,1057200.0,1047201.0,2288619.0,47.6,65252.0,164925.4,21.22,1463189.0,8.0,Low,0,1,Oregon2008
Pennsylvania,26.3,2008,1027600.0,1262900.0,3586200.0,3942348.0,7278608.0,49.3,64842.0,588024.6,27.44,6086264.0,0.0,Low,0,1,Pennsylvania2008
Rhode Island,30.0,2008,98500.0,108400.0,309400.0,194322.0,608905.0,50.2,67161.0,47277.5,47.0,490628.0,0.0,Low,0,1,Rhode Island2008
South Carolina,23.7,2008,385400.0,480700.0,1232800.0,1637705.0,2472423.0,63.9,53177.0,163886.2,23.02,1996617.0,0.0,Low,0,1,South Carolina2008
South Dakota,25.1,2008,65500.0,81600.0,217200.0,353531.0,561007.0,46.5,65091.0,36603.0,20.93,347408.0,0.0,Low,0,1,South Dakota2008
Tennessee,22.9,2008,518200.0,721300.0,1775000.0,2283922.0,3677072.0,59.6,50083.0,254242.0,24.03,2833546.0,0.0,Low,0,1,Tennessee2008
Texas,25.3,2008,2290300.0,3017100.0,6634500.0,11263781.0,14365941.0,65.1,58645.0,1244294.9,32.42,8830985.0,0.0,Low,0,1,Texas2008
Utah,29.1,2008,329200.0,378800.0,631800.0,768036.0,1688150.0,49.9,78888.0,117178.9,19.12,1192191.0,0.0,Low,0,1,Utah2008
Vermont,32.1,2008,50100.0,60900.0,191000.0,146384.0,424270.0,42.3,63964.0,25999.3,36.14,306690.0,0.0,Low,0,1,Vermont2008
Virginia,33.7,2008,658300.0,848000.0,2241100.0,2544221.0,4870415.0,56.5,78192.0,404634.9,23.5,3881087.0,0.0,Low,0,1,Virginia2008
Washington,30.7,2008,551100.0,782300.0,1896300.0,2041958.0,3954911.0,46.7,71438.0,354794.1,19.28,3299259.0,0.0,Low,0,1,Washington2008
West Virginia,17.1,2008,148600.0,196900.0,514100.0,776230.0,918366.0,52.9,47928.0,62694.8,16.52,700301.0,0.0,Low,0,1,West Virginia2008
Wisconsin,25.7,2008,501700.0,618700.0,1632800.0,1895118.0,3572922.0,44.3,64587.0,246814.5,26.47,2659162.0,0.0,Low,0,1,Wisconsin2008
Wyoming,23.6,2008,48500.0,59600.0,146700.0,538379.0,398969.0,43.3,67283.0,42819.3,16.73,261294.0,0.0,Low,0,1,Wyoming2008
Alabama,22.0,2009,422600.0,531900.0,1266900.0,1800096.0,2479507.0,63.1,50609.0,170930.9,26.23,2171584.0,0.0,Low,0,1,Alabama2009
Alaska,26.6,2009,68700.0,81300.0,194400.0,639557.0,442447.0,-0.2,77982.0,49957.8,44.29,236223.0,0.0,Low,0,1,Alaska2009
Arizona,25.6,2009,595200.0,831100.0,1696500.0,1380064.0,3228493.0,61.1,57899.0,246424.3,28.01,2228172.0,0.0,Low,0,1,Arizona2009
Arkansas,18.9,2009,251000.0,328600.0,759600.0,1041617.0,1542944.0,59.8,46252.0,97508.1,22.39,947406.0,0.0,Low,0,1,Arkansas2009
California,29.9,2009,3520400.0,4663300.0,10285600.0,7775285.0,19837628.0,59.4,71058.0,1890165.9,38.89,19972837.0,76.0,Low,0,1,California2009
Colorado,35.9,2009,460500.0,634800.0,1436300.0,1465495.0,3164426.0,45.6,70800.0,251227.7,24.44,640899.0,0.0,Low,0,1,Colorado2009
Connecticut,35.6,2009,286400.0,359300.0,1040900.0,766475.0,2196161.0,49.0,82092.0,233290.7,52.96,1983114.0,0.0,Low,0,1,Connecticut2009
Delaware,28.7,2009,72700.0,102400.0,242700.0,259461.0,525634.0,55.8,65969.0,57849.7,35.77,463779.0,0.0,Low,0,1,Delaware2009
District of Columbia,48.5,2009,60900.0,96300.0,160800.0,186486.0,795912.0,57.4,67269.0,100446.0,38.79,166519.0,0.0,Low,0,1,District of Columbia2009
Florida,25.3,2009,1590600.0,2005000.0,4988100.0,4115280.0,9841883.0,70.7,57763.0,735421.0,33.68,7597789.0,0.0,Low,0,1,Florida2009
Georgia,27.5,2009,874900.0,1169700.0,2764000.0,2913909.0,5247022.0,63.6,54862.0,409590.8,25.81,4134274.0,0.0,Low,0,1,Georgia2009
Hawaii,29.6,2009,104100.0,149400.0,338200.0,275928.0,829897.0,77.1,70444.0,64549.7,62.36,448535.0,0.0,Low,0,1,Hawaii2009
Idaho,23.9,2009,154200.0,174300.0,392500.0,502530.0,880480.0,43.0,59215.0,54064.1,19.07,563021.0,0.0,Low,0,1,Idaho2009
Illinois,30.6,2009,1177900.0,1569600.0,3607400.0,3859236.0,7304316.0,50.4,66926.0,649862.7,26.88,5824074.0,0.0,Low,0,1,Illinois2009
Indiana,22.5,2009,570400.0,736500.0,1768000.0,2712923.0,3523018.0,50.5,56084.0,263326.8,22.41,3135608.0,0.0,Low,0,1,Indiana2009
Iowa,25.1,2009,269600.0,329400.0,799100.0,1448521.0,1959142.0,45.6,64206.0,136894.6,21.59,1736330.0,0.0,Low,0,1,Iowa2009
Kansas,29.5,2009,276600.0,315300.0,746100.0,1088231.0,1813184.0,53.7,56606.0,125348.9,23.43,874869.0,0.0,Low,0,1,Kansas2009
Kentucky,21.0,2009,374800.0,499000.0,1201400.0,1930522.0,2325249.0,55.1,54007.0,157479.8,19.19,1952420.0,0.0,Low,0,1,Kentucky2009
Louisiana,21.4,2009,440200.0,528800.0,1189200.0,4035500.0,2529953.0,66.8,57512.0,204906.9,20.88,1940586.0,0.0,Low,0,1,Louisiana2009
Maine,26.9,2009,101300.0,130100.0,387000.0,413101.0,800501.0,40.7,60131.0,51123.8,38.47,538469.0,0.0,Low,0,1,Maine2009
Maryland,35.7,2009,501200.0,639000.0,1660600.0,1455447.0,3359485.0,54.8,81251.0,299102.7,38.37,2597592.0,0.0,Low,0,1,Maryland2009
Massachusetts,38.2,2009,565400.0,741200.0,1950900.0,1375648.0,4115997.0,47.9,75158.0,390504.8,45.27,3128371.0,0.0,Low,0,1,Massachusetts2009
Michigan,24.6,2009,911100.0,1043700.0,2847200.0,2690321.0,5046501.0,43.2,58222.0,368733.8,27.63,4371772.0,0.0,Low,0,1,Michigan2009
Minnesota,31.5,2009,473800.0,622500.0,1499600.0,1786177.0,3424435.0,38.9,71002.0,262088.9,23.91,2506177.0,0.0,Low,0,1,Minnesota2009
Mississippi,19.6,2009,276000.0,331100.0,757500.0,1111703.0,1492290.0,63.5,44404.0,91792.2,26.18,1155792.0,0.0,Low,0,1,Mississippi2009
Missouri,25.2,2009,538100.0,673700.0,1638800.0,1845179.0,3522652.0,53.2,61735.0,253317.7,21.54,2559639.0,0.0,Low,0,1,Missouri2009
Montana,27.4,2009,91100.0,103200.0,258000.0,427248.0,619407.0,41.6,51188.0,36187.8,22.31,370107.0,14.0,Low,0,1,Montana2009
Nebraska,27.4,2009,176300.0,206100.0,469400.0,778869.0,1223177.0,48.0,62780.0,86870.4,21.12,784194.0,0.0,Low,0,1,Nebraska2009
Nevada,21.8,2009,226400.0,340700.0,730600.0,651371.0,1512913.0,51.0,65108.0,122127.1,30.52,706912.0,0.0,Low,0,1,Nevada2009
New Hampshire,32.0,2009,113100.0,127100.0,406000.0,297987.0,820809.0,43.0,81181.0,62522.9,44.23,639635.0,0.0,Low,0,1,New Hampshire2009
New Jersey,34.5,2009,703500.0,964300.0,2597500.0,2372899.0,4992063.0,53.0,81999.0,482458.9,42.63,3705322.0,0.0,Low,0,1,New Jersey2009
New Mexico,25.3,2009,189100.0,230200.0,512000.0,644532.0,1072062.0,54.1,55118.0,82461.5,23.96,698100.0,0.0,Low,0,1,New Mexico2009
New York,32.4,2009,1743600.0,2305400.0,5595600.0,3698714.0,10984350.0,44.9,63567.0,1160081.3,45.26,8725551.0,0.0,Low,0,1,New York2009
North Carolina,26.5,2009,814400.0,1050100.0,2609800.0,2557020.0,5215744.0,59.2,53047.0,411155.8,24.84,3451087.0,0.0,Low,0,1,North Carolina2009
North Dakota,25.8,2009,74500.0,69700.0,163900.0,435055.0,492417.0,39.0,63388.0,32226.0,19.48,347356.0,0.0,Low,0,1,North Dakota2009
Ohio,24.1,2009,971300.0,1290800.0,3240700.0,3666516.0,6454964.0,49.9,58077.0,482281.1,26.52,6318803.0,0.0,Low,0,1,Ohio2009
Oklahoma,22.7,2009,350400.0,419900.0,940200.0,1492392.0,2136548.0,59.5,58075.0,146633.0,20.39,1670353.0,0.0,Low,0,1,Oklahoma2009
Oregon,29.2,2009,341500.0,465100.0,1038700.0,1012819.0,2189148.0,47.3,62151.0,159607.3,21.9,1439985.0,10.0,Low,0,1,Oregon2009
Pennsylvania,26.4,2009,1039400.0,1340600.0,3543000.0,3625634.0,7101557.0,48.1,60979.0,582144.8,28.25,5818056.0,0.0,Low,0,1,Pennsylvania2009
Rhode Island,30.5,2009,87300.0,118100.0,301400.0,194853.0,588284.0,50.1,65362.0,47702.2,41.68,481905.0,0.0,Low,0,1,Rhode Island2009
South Carolina,24.3,2009,389000.0,508300.0,1226400.0,1573712.0,2367886.0,63.0,52028.0,161813.5,24.67,1974494.0,0.0,Low,0,1,South Carolina2009
South Dakota,25.1,2009,76500.0,88300.0,204700.0,363091.0,556453.0,43.9,58009.0,36432.9,21.65,401661.0,0.0,Low,0,1,South Dakota2009
Tennessee,23.0,2009,540000.0,730200.0,1754400.0,2087485.0,3523861.0,57.5,51289.0,252332.8,25.53,2854803.0,0.0,Low,0,1,Tennessee2009
Texas,25.5,2009,2355100.0,3132400.0,6628200.0,10884452.0,14202794.0,65.7,60097.0,1169607.7,29.21,8830974.0,0.0,Low,0,1,Texas2009
Utah,28.5,2009,329400.0,387900.0,638200.0,742250.0,1633982.0,48.7,74042.0,113985.4,19.94,1217120.0,0.0,Low,0,1,Utah2009
Vermont,33.1,2009,57200.0,59800.0,179500.0,156687.0,414181.0,42.2,66227.0,26099.2,37.38,292317.0,0.0,Low,0,1,Vermont2009
Virginia,34.0,2009,693900.0,881000.0,2215800.0,2429456.0,4758119.0,55.4,76586.0,410967.4,26.23,3732468.0,15.0,Low,0,1,Virginia2009
Washington,31.0,2009,591200.0,812100.0,1875500.0,2031913.0,3815691.0,46.0,76448.0,351245.0,19.41,3101571.0,0.0,Low,0,1,Washington2009
West Virginia,17.3,2009,151700.0,197600.0,501400.0,706207.0,899038.0,51.5,51255.0,63600.7,19.56,700103.0,0.0,Low,0,1,West Virginia2009
Wisconsin,25.7,2009,518600.0,623500.0,1606300.0,1764015.0,3444622.0,41.1,64859.0,247210.0,27.57,2526673.0,0.0,Low,0,1,Wisconsin2009
Wyoming,23.8,2009,52100.0,63300.0,146400.0,524122.0,387473.0,41.3,66420.0,36252.0,17.94,214199.0,0.0,Low,0,1,Wyoming2009
Alabama,21.9,2010,436900.0,523500.0,1282300.0,1942188.0,2460298.0,62.5,50975.0,177249.2,26.44,2211550.0,0.0,Low,0,1,Alabama2010
Alaska,27.9,2010,64000.0,85700.0,200000.0,639266.0,443904.0,1.5,72039.0,53331.6,43.29,228407.0,0.0,Low,0,1,Alaska2010
Arizona,25.9,2010,582700.0,745100.0,1634700.0,1434861.0,3181571.0,60.8,58400.0,251153.0,28.4,2201251.0,0.0,Low,0,1,Arizona2010
Arkansas,19.5,2010,258500.0,315400.0,766200.0,1129224.0,1541272.0,59.8,48053.0,101486.5,21.57,945198.0,0.0,Low,0,1,Arkansas2010
California,30.1,2010,3693400.0,4633500.0,10298400.0,7651772.0,19642444.0,58.7,67600.0,1954092.7,38.23,17977605.0,190.0,Low,0,1,California2010
Colorado,36.4,2010,459100.0,628900.0,1419200.0,1517105.0,3143637.0,45.0,75009.0,258300.2,26.9,1890748.0,0.0,Low,0,1,Colorado2010
Connecticut,35.5,2010,283000.0,361400.0,1048200.0,769858.0,2171933.0,49.3,82189.0,234700.0,50.95,1985500.0,0.0,Low,0,1,Connecticut2010
Delaware,27.8,2010,80300.0,97400.0,244800.0,266384.0,522400.0,55.6,68759.0,58163.5,35.09,434037.0,0.0,Low,0,1,Delaware2010
District of Columbia,50.1,2010,75500.0,106200.0,154100.0,190379.0,809137.0,59.8,70893.0,106146.9,39.14,160090.0,0.0,Low,0,1,District of Columbia2010
Florida,25.8,2010,1639200.0,1947000.0,5089300.0,4319171.0,9805154.0,70.8,54876.0,746928.9,31.01,7295121.0,0.0,Low,0,1,Florida2010
Georgia,27.3,2010,880400.0,1133400.0,2742600.0,3147631.0,5211352.0,63.0,54940.0,418091.3,26.07,3738952.0,0.0,Low,0,1,Georgia2010
Hawaii,29.5,2010,114800.0,142500.0,362300.0,297556.0,824460.0,77.1,74145.0,66872.9,73.8,450398.0,0.0,Low,0,1,Hawaii2010
Idaho,24.4,2010,145200.0,182700.0,394800.0,523118.0,868718.0,43.1,58592.0,55587.6,19.18,541038.0,0.0,Low,0,1,Idaho2010
Illinois,30.8,2010,1144800.0,1561900.0,3559600.0,3981181.0,7251002.0,51.5,63173.0,666404.8,26.82,5772947.0,0.0,Low,0,1,Illinois2010
Indiana,22.7,2010,570800.0,725800.0,1766800.0,2852101.0,3525335.0,51.5,57458.0,282562.2,22.55,2986033.0,0.0,Low,0,1,Indiana2010
Iowa,24.9,2010,267000.0,335900.0,801000.0,1498067.0,1950444.0,46.7,61041.0,142233.9,22.44,1691090.0,0.0,Low,0,1,Iowa2010
Kansas,29.8,2010,257000.0,317700.0,745200.0,1109761.0,1801873.0,53.2,57352.0,128591.3,24.52,880308.0,0.0,Low,0,1,Kansas2010
Kentucky,20.5,2010,378400.0,490000.0,1195000.0,2002994.0,2325921.0,55.4,51188.0,166408.7,19.81,1890079.0,0.0,Low,0,1,Kentucky2010
Louisiana,21.4,2010,445500.0,533300.0,1189000.0,4124890.0,2536560.0,66.4,48941.0,225308.9,23.12,1917283.0,0.0,Low,0,1,Louisiana2010
Maine,26.8,2010,99000.0,129000.0,386000.0,418057.0,791331.0,41.9,59689.0,52256.2,37.64,518779.0,0.0,Low,0,1,Maine2010
Maryland,36.1,2010,511900.0,663600.0,1668100.0,1486516.0,3345423.0,54.8,79951.0,314728.3,37.24,2590777.0,0.0,Low,0,1,Maryland2010
Massachusetts,39.0,2010,561800.0,743300.0,1887300.0,1431293.0,4115539.0,48.2,75882.0,411136.1,41.79,3144691.0,0.0,Low,0,1,Massachusetts2010
Michigan,25.2,2010,872400.0,1021200.0,2764700.0,2780081.0,5038194.0,44.5,57628.0,390043.0,29.05,5135712.0,0.0,Low,0,1,Michigan2010
Minnesota,31.8,2010,447000.0,637300.0,1489000.0,1855906.0,3408753.0,40.7,65156.0,274231.3,24.72,2459074.0,0.0,Low,0,1,Minnesota2010
Mississippi,19.5,2010,265600.0,322000.0,776800.0,1153755.0,1490731.0,63.3,47521.0,93943.1,25.46,1143527.0,0.0,Low,0,1,Mississippi2010
Missouri,25.6,2010,533600.0,663900.0,1618400.0,1925762.0,3475301.0,53.8,57057.0,259816.1,22.81,2578536.0,0.0,Low,0,1,Missouri2010
Montana,28.8,2010,80000.0,106400.0,260000.0,405113.0,616344.0,41.1,51407.0,38336.1,23.08,351574.0,13.0,Low,0,1,Montana2010
Nebraska,28.6,2010,162200.0,216300.0,475300.0,867558.0,1219802.0,47.3,65384.0,91561.5,22.03,773080.0,0.0,Low,0,1,Nebraska2010
Nevada,21.7,2010,241000.0,336900.0,747600.0,698602.0,1478054.0,50.2,63760.0,124669.4,28.66,690124.0,0.0,Low,0,1,Nevada2010
New Hampshire,32.8,2010,99700.0,126400.0,402300.0,299071.0,813707.0,43.7,82979.0,64843.6,43.48,618598.0,0.0,Low,0,1,New Hampshire2010
New Jersey,35.4,2010,706500.0,977300.0,2597600.0,2289793.0,4960621.0,53.1,78415.0,492762.4,43.07,3971896.0,0.0,Low,0,1,New Jersey2010
New Mexico,25.0,2010,194100.0,222900.0,534900.0,653704.0,1059977.0,53.9,56206.0,84611.5,24.88,702897.0,0.0,Low,0,1,New Mexico2010
New York,32.5,2010,1794500.0,2323300.0,5440300.0,3874609.0,11005742.0,45.6,61993.0,1223529.7,48.1,7950192.0,0.0,Low,0,1,New York2010
North Carolina,26.5,2010,818000.0,1072500.0,2652600.0,2756601.0,5178363.0,58.7,54582.0,420027.6,25.4,3281831.0,0.0,Low,0,1,North Carolina2010
North Dakota,27.6,2010,69800.0,77900.0,171400.0,473681.0,503813.0,38.9,63519.0,35676.2,20.87,340756.0,0.0,Low,0,1,North Dakota2010
Ohio,24.6,2010,967400.0,1244400.0,3184200.0,3788343.0,6418162.0,50.9,57143.0,500515.3,26.89,5614698.0,0.0,Low,0,1,Ohio2010
Oklahoma,22.9,2010,335400.0,430900.0,970500.0,1579813.0,2130128.0,59.2,53677.0,154287.4,22.3,1581768.0,0.0,Low,0,1,Oklahoma2010
Oregon,28.8,2010,337500.0,461600.0,1029600.0,981828.0,2174324.0,47.5,63016.0,164137.2,22.15,1488595.0,11.0,Low,0,1,Oregon2010
Pennsylvania,27.1,2010,1080100.0,1316200.0,3498500.0,3755033.0,7119776.0,48.9,60166.0,604736.8,30.29,5682239.0,0.0,Low,0,1,Pennsylvania2010
Rhode Island,30.2,2010,98900.0,107200.0,296000.0,195400.0,586363.0,50.2,64287.0,49468.3,41.25,478624.0,0.0,Low,0,1,Rhode Island2010
South Carolina,24.5,2010,418300.0,491500.0,1243400.0,1665789.0,2357627.0,62.4,51927.0,165860.0,24.89,2030632.0,0.0,Low,0,1,South Carolina2010
South Dakota,26.3,2010,71100.0,88500.0,209800.0,377425.0,558135.0,43.4,56478.0,37852.5,22.93,406531.0,0.0,Low,0,1,South Dakota2010
Tennessee,23.1,2010,543900.0,716400.0,1757800.0,2251487.0,3515804.0,57.4,48058.0,257776.0,25.3,2734382.0,0.0,Low,0,1,Tennessee2010
Texas,25.9,2010,2424400.0,3101500.0,6775200.0,11605812.0,14262558.0,65.5,58861.0,1245959.4,27.69,8331127.0,0.0,Low,0,1,Texas2010
Utah,29.3,2010,300900.0,395500.0,636400.0,753018.0,1620799.0,48.2,70611.0,118669.8,20.45,1316966.0,0.0,Low,0,1,Utah2010
Vermont,33.6,2010,47700.0,62800.0,178900.0,155696.0,413312.0,43.0,69648.0,27406.6,38.81,293084.0,0.0,Low,0,1,Vermont2010
Virginia,34.2,2010,689600.0,914000.0,2268000.0,2532435.0,4743189.0,55.2,75176.0,426992.4,25.48,3510417.0,5.0,Low,0,1,Virginia2010
Washington,31.1,2010,599200.0,809300.0,1873700.0,2007894.0,3771444.0,46.9,69941.0,365497.8,19.63,2599791.0,0.0,Low,0,1,Washington2010
West Virginia,17.5,2010,151900.0,190500.0,501400.0,751538.0,899472.0,51.8,53271.0,65998.7,21.89,702587.0,0.0,Low,0,1,West Virginia2010
Wisconsin,26.3,2010,501200.0,621300.0,1584300.0,1809801.0,3426438.0,43.1,62703.0,256432.9,28.76,2461343.0,0.0,Low,0,1,Wisconsin2010
Wyoming,24.1,2010,51400.0,66400.0,148900.0,541026.0,385059.0,40.8,65007.0,37680.7,18.27,209777.0,0.0,Low,0,1,Wyoming2010
Alabama,22.3,2011,441100.0,522000.0,1280100.0,1917001.0,2497933.0,62.8,51417.0,183916.6,27.08,2307668.0,0.0,Low,0,1,Alabama2011
Alaska,26.4,2011,70700.0,88000.0,196500.0,641027.0,450364.0,7.0,69334.0,56896.3,47.13,215688.0,0.0,Low,0,1,Alaska2011
Arizona,26.6,2011,602800.0,742400.0,1636700.0,1476752.0,3239045.0,60.3,58698.0,260915.7,28.46,2363015.0,0.0,Low,0,1,Arizona2011
Arkansas,20.3,2011,253600.0,333800.0,757200.0,1131026.0,1561948.0,61.3,49862.0,105768.1,22.02,1021817.0,0.0,Low,0,1,Arkansas2011
California,30.3,2011,3760400.0,4685900.0,10286800.0,7651650.0,19986021.0,57.7,64428.0,2023500.0,38.35,14549841.0,243.0,Low,0,1,California2011
Colorado,36.7,2011,468700.0,645600.0,1419400.0,1478527.0,3204078.0,46.0,70781.0,267516.1,27.61,1798922.0,6.0,Low,0,1,Colorado2011
Connecticut,36.2,2011,278500.0,370200.0,1033800.0,743515.0,2206269.0,51.0,78973.0,233158.7,47.91,1719536.0,0.0,Low,0,1,Connecticut2011
Delaware,28.8,2011,76100.0,100200.0,244600.0,285699.0,530400.0,56.4,65989.0,61372.2,33.73,490696.0,0.0,Low,0,1,Delaware2011
District of Columbia,52.5,2011,67600.0,119000.0,155000.0,183655.0,826761.0,59.9,66702.0,109730.4,37.53,238504.0,0.0,Low,0,1,District of Columbia2011
Florida,25.8,2011,1682000.0,1990300.0,5061200.0,4171410.0,10036634.0,69.4,54454.0,755240.0,31.09,7981816.0,0.0,Low,0,1,Florida2011
Georgia,27.6,2011,889400.0,1151000.0,2733400.0,3034665.0,5325616.0,63.0,55501.0,431653.9,28.17,3430165.0,0.0,Low,0,1,Georgia2011
Hawaii,29.1,2011,110900.0,155600.0,353600.0,302550.0,835012.0,76.9,71285.0,69083.9,92.78,534815.0,0.0,Low,0,1,Hawaii2011
Idaho,25.2,2011,145600.0,181700.0,396300.0,521106.0,878541.0,43.0,57295.0,56941.1,18.87,610646.0,0.0,Low,0,1,Idaho2011
Illinois,31.0,2011,1159800.0,1560300.0,3516500.0,3965357.0,7376100.0,53.0,61132.0,692880.8,26.38,5563757.0,0.0,Low,0,1,Illinois2011
Indiana,23.0,2011,577200.0,720800.0,1744700.0,2823793.0,3590196.0,52.6,53657.0,291356.1,23.55,2882224.0,0.0,Low,0,1,Indiana2011
Iowa,25.8,2011,264100.0,351600.0,781400.0,1507153.0,1975960.0,48.3,60627.0,148477.6,22.16,1645916.0,0.0,Low,0,1,Iowa2011
Kansas,30.1,2011,265900.0,318200.0,735000.0,1097062.0,1819044.0,55.3,55712.0,136358.9,26.11,1141601.0,0.0,Low,0,1,Kansas2011
Kentucky,21.1,2011,373400.0,490100.0,1184900.0,1934144.0,2368202.0,56.0,48117.0,171586.9,21.1,1883309.0,0.0,Low,0,1,Kentucky2011
Louisiana,21.1,2011,442200.0,542500.0,1180600.0,4137755.0,2564944.0,66.6,49085.0,229945.0,22.76,1801488.0,0.0,Low,0,1,Louisiana2011
Maine,28.4,2011,98700.0,129800.0,378500.0,418075.0,794389.0,44.3,59992.0,52575.5,36.86,530057.0,0.0,Low,0,1,Maine2011
Maryland,36.9,2011,511600.0,675200.0,1660700.0,1433203.0,3394831.0,55.6,83151.0,326281.2,34.98,2088130.0,0.0,Low,0,1,Maryland2011
Massachusetts,39.1,2011,568300.0,746100.0,1869800.0,1409491.0,4175311.0,50.1,76435.0,425523.0,41.36,3180009.0,0.0,Low,0,1,Massachusetts2011
Michigan,25.6,2011,913800.0,1019000.0,2703900.0,2818540.0,5165348.0,46.7,59010.0,404554.7,30.57,4742808.0,0.0,Low,0,1,Michigan2011
Minnesota,32.4,2011,460600.0,643700.0,1464300.0,1849741.0,3469201.0,42.5,69804.0,287039.3,25.43,2248879.0,0.0,Low,0,1,Minnesota2011
Mississippi,19.8,2011,271900.0,323100.0,774300.0,1128520.0,1509941.0,63.6,49606.0,96218.0,26.0,1050978.0,0.0,Low,0,1,Mississippi2011
Missouri,26.1,2011,522600.0,686500.0,1590600.0,1868093.0,3506571.0,55.3,55261.0,262067.1,24.38,2440765.0,0.0,Low,0,1,Missouri2011
Montana,28.2,2011,91400.0,110000.0,253100.0,404250.0,623175.0,41.4,48625.0,40995.1,24.26,435575.0,8.0,Low,0,1,Montana2011
Nebraska,27.9,2011,170200.0,209200.0,471800.0,863017.0,1232457.0,49.2,67143.0,99921.1,23.09,766395.0,0.0,Low,0,1,Nebraska2011
Nevada,22.5,2011,245900.0,335400.0,746700.0,688542.0,1501839.0,50.0,56793.0,127677.9,26.43,1079145.0,0.0,Low,0,1,Nevada2011
New Hampshire,33.4,2011,104800.0,126600.0,394100.0,296997.0,818789.0,45.6,79534.0,66153.2,43.2,594931.0,0.0,Low,0,1,New Hampshire2011
New Jersey,35.3,2011,717200.0,978400.0,2571100.0,2278876.0,5018505.0,54.3,75258.0,495965.8,41.95,4416631.0,0.0,Low,0,1,New Jersey2011
New Mexico,25.6,2011,199600.0,232100.0,517200.0,671603.0,1064267.0,54.2,50683.0,87062.8,25.92,718457.0,0.0,Low,0,1,New Mexico2011
New York,32.9,2011,1833900.0,2357200.0,5391800.0,3757112.0,11294064.0,47.0,61131.0,1247605.8,46.57,5866664.0,1.0,Low,0,1,New York2011
North Carolina,26.9,2011,830000.0,1078300.0,2642200.0,2630454.0,5292814.0,59.0,54575.0,431722.7,25.34,3264444.0,0.0,Low,0,1,North Carolina2011
North Dakota,26.3,2011,75600.0,78800.0,167100.0,525239.0,529779.0,40.6,68042.0,41587.7,22.02,328511.0,0.0,Low,0,1,North Dakota2011
Ohio,24.7,2011,986700.0,1253500.0,3123800.0,3755039.0,6521658.0,51.6,53902.0,528189.9,26.56,5412188.0,0.0,Low,0,1,Ohio2011
Oklahoma,23.8,2011,337000.0,437900.0,960800.0,1577495.0,2158874.0,60.3,58498.0,166235.8,22.91,1522613.0,0.0,Low,0,1,Oklahoma2011
Oregon,29.3,2011,347700.0,472100.0,1021800.0,1007150.0,2201553.0,46.9,62205.0,170630.9,23.57,1472348.0,35.0,Low,0,1,Oregon2011
Pennsylvania,27.0,2011,1083200.0,1328700.0,3467600.0,3749993.0,7217098.0,49.8,60254.0,624819.7,30.73,5484519.0,0.0,Low,0,1,Pennsylvania2011
Rhode Island,31.1,2011,98000.0,112000.0,290400.0,185485.0,591692.0,51.7,59196.0,50206.1,38.22,527589.0,0.0,Low,0,1,Rhode Island2011
South Carolina,24.1,2011,421300.0,498300.0,1235400.0,1620820.0,2427409.0,62.6,48392.0,172075.1,25.78,1983691.0,0.0,Low,0,1,South Carolina2011
South Dakota,26.3,2011,71900.0,90600.0,205600.0,377851.0,566480.0,45.0,57011.0,41892.1,23.58,384573.0,0.0,Low,0,1,South Dakota2011
Tennessee,23.6,2011,560800.0,727000.0,1737600.0,2196993.0,3589041.0,58.0,51042.0,269814.2,27.26,2637423.0,0.0,Low,0,1,Tennessee2011
Texas,26.4,2011,2458500.0,3163000.0,6815100.0,11829075.0,14681432.0,65.2,59213.0,1341334.4,26.64,8964823.0,0.0,Low,0,1,Texas2011
Utah,29.7,2011,307700.0,392100.0,644900.0,790554.0,1664426.0,48.2,66995.0,125565.0,20.98,857948.0,0.0,Low,0,1,Utah2011
Vermont,35.4,2011,50500.0,61000.0,175900.0,151656.0,416949.0,44.5,62611.0,28418.7,40.44,286106.0,0.0,Low,0,1,Vermont2011
Virginia,35.1,2011,710400.0,934000.0,2246800.0,2424571.0,4802678.0,55.9,75594.0,435180.3,25.92,3827026.0,27.0,Low,0,1,Virginia2011
Washington,31.9,2011,613700.0,838600.0,1860100.0,2051660.0,3814305.0,46.7,68633.0,379574.9,20.01,3037366.0,23.0,Low,0,1,Washington2011
West Virginia,18.5,2011,158700.0,188400.0,494800.0,738406.0,909035.0,52.0,50489.0,69234.1,23.16,663436.0,0.0,Low,0,1,West Virginia2011
Wisconsin,26.5,2011,499800.0,634500.0,1551600.0,1797383.0,3474418.0,45.2,62848.0,266364.4,30.01,2419096.0,0.0,Low,0,1,Wisconsin2011
Wyoming,24.7,2011,51600.0,70100.0,144800.0,557822.0,390303.0,41.8,65807.0,39751.4,19.39,241980.0,0.0,Low,0,1,Wyoming2011
Alabama,23.3,2012,447300.0,523500.0,1266800.0,1890836.0,2503678.0,64.6,51384.0,189245.5,27.32,2042489.0,0.0,Low,0,1,Alabama2012
Alaska,28.0,2012,74800.0,91000.0,196000.0,631311.0,459222.0,-12.8,75246.0,58283.6,47.84,193150.0,0.0,Low,0,1,Alaska2012
Arizona,27.3,2012,603700.0,752300.0,1640500.0,1445431.0,3295537.0,60.6,55616.0,271440.0,28.74,2124040.0,0.0,Low,0,1,Arizona2012
Arkansas,21.0,2012,261000.0,333200.0,751800.0,1075271.0,1565142.0,62.4,46128.0,108492.1,22.56,881271.0,0.0,Low,0,1,Arkansas2012
California,30.9,2012,3818000.0,4742800.0,10290700.0,7446386.0,20666908.0,57.5,67410.0,2113096.4,39.75,13223821.0,549.0,Low,0,1,California2012
Colorado,37.5,2012,478600.0,652700.0,1409300.0,1446115.0,3262925.0,45.9,67688.0,276823.1,27.63,1746187.0,11.0,Low,0,1,Colorado2012
Connecticut,37.1,2012,291300.0,368200.0,1018400.0,728294.0,2223221.0,51.6,75954.0,240911.9,45.56,1387078.0,0.0,Low,0,1,Connecticut2012
Delaware,29.5,2012,83600.0,96900.0,242000.0,283571.0,534261.0,58.2,57896.0,62354.6,32.48,442113.0,0.0,Low,0,1,Delaware2012
District of Columbia,53.0,2012,64100.0,123600.0,158400.0,172794.0,834413.0,61.5,77135.0,112157.0,34.74,207048.0,0.0,Low,0,1,District of Columbia2012
Florida,26.8,2012,1706400.0,2052100.0,5075100.0,4070225.0,10249024.0,72.0,54466.0,778545.0,30.58,7535855.0,0.0,Low,0,1,Florida2012
Georgia,28.2,2012,902800.0,1161700.0,2726600.0,2847777.0,5384572.0,65.3,56890.0,447764.7,27.47,3321506.0,0.0,Low,0,1,Georgia2012
Hawaii,30.1,2012,116300.0,162600.0,349300.0,297399.0,849156.0,76.8,66515.0,71905.3,99.96,521804.0,0.0,Low,0,1,Hawaii2012
Idaho,25.5,2012,148700.0,181300.0,396700.0,514005.0,883148.0,42.6,56654.0,58323.9,20.3,577382.0,0.0,Low,0,1,Idaho2012
Illinois,31.6,2012,1170000.0,1564000.0,3486200.0,3841698.0,7434661.0,53.9,61166.0,726399.1,24.7,4717656.0,0.0,Low,0,1,Illinois2012
Indiana,23.4,2012,585800.0,733100.0,1721100.0,2740941.0,3642334.0,53.8,54569.0,300513.9,24.4,2439140.0,0.0,Low,0,1,Indiana2012
Iowa,26.3,2012,276500.0,344400.0,777100.0,1439121.0,1993430.0,49.4,63180.0,158538.4,22.6,1343335.0,0.0,Low,0,1,Iowa2012
Kansas,30.4,2012,263500.0,334400.0,723700.0,1067837.0,1841393.0,55.9,59115.0,141818.2,27.42,959717.0,0.0,Low,0,1,Kansas2012
Kentucky,21.8,2012,380600.0,488700.0,1174000.0,1900198.0,2389363.0,57.6,48573.0,178143.7,21.37,1533919.0,0.0,Low,0,1,Kentucky2012
Louisiana,22.0,2012,442400.0,551800.0,1168700.0,4007580.0,2601174.0,68.4,46207.0,235384.7,20.49,1499813.0,0.0,Low,0,1,Louisiana2012
Maine,28.0,2012,99000.0,131300.0,367300.0,401652.0,796903.0,43.0,58116.0,53679.7,34.62,474622.0,0.0,Low,0,1,Maine2012
Maryland,36.9,2012,514900.0,698100.0,1643700.0,1392311.0,3438880.0,57.2,84926.0,332523.5,33.07,1968035.0,0.0,Low,0,1,Maryland2012
Massachusetts,39.3,2012,566500.0,775000.0,1849800.0,1374629.0,4253327.0,50.3,75256.0,442916.9,40.41,2481481.0,0.0,Low,0,1,Massachusetts2012
Michigan,26.0,2012,922900.0,1016100.0,2654300.0,2714846.0,5234473.0,46.3,59129.0,422691.2,32.29,3408669.0,0.0,Low,0,1,Michigan2012
Minnesota,33.2,2012,441600.0,671300.0,1443600.0,1812150.0,3505578.0,43.1,73055.0,298328.3,26.06,2148271.0,0.0,Low,0,1,Minnesota2012
Mississippi,20.7,2012,281500.0,322600.0,751900.0,1112821.0,1519719.0,65.2,43318.0,100448.4,25.5,847668.0,0.0,Low,0,1,Mississippi2012
Missouri,26.4,2012,527500.0,695700.0,1562600.0,1788529.0,3528129.0,56.4,58832.0,271535.1,24.99,2398352.0,0.0,Low,0,1,Missouri2012
Montana,29.4,2012,85900.0,108900.0,255900.0,397126.0,633135.0,42.1,53304.0,42340.9,24.32,433264.0,18.0,Low,0,1,Montana2012
Nebraska,29.0,2012,158500.0,219000.0,471200.0,852536.0,1251258.0,49.6,61707.0,102725.9,24.54,732238.0,0.0,Low,0,1,Nebraska2012
Nevada,22.4,2012,250900.0,341700.0,749600.0,685944.0,1519198.0,49.7,55958.0,129312.9,26.38,932804.0,0.0,Low,0,1,Nevada2012
New Hampshire,34.6,2012,104300.0,128600.0,385600.0,287927.0,824361.0,45.4,80177.0,68498.1,41.6,560416.0,0.0,Low,0,1,New Hampshire2012
New Jersey,36.2,2012,723600.0,990200.0,2554700.0,2175477.0,5053839.0,55.6,78845.0,517195.9,40.12,3971265.0,12.0,Low,0,1,New Jersey2012
New Mexico,26.1,2012,183200.0,241700.0,519800.0,669151.0,1067211.0,55.0,51337.0,87925.2,26.21,675737.0,0.0,Low,0,1,New Mexico2012
New York,33.4,2012,1839600.0,2395400.0,5333200.0,3583683.0,11432840.0,47.7,56368.0,1328233.5,44.39,5076204.0,1.0,Low,0,1,New York2012
North Carolina,27.4,2012,850400.0,1076500.0,2654200.0,2539545.0,5356443.0,61.0,49125.0,445095.3,26.82,3445364.0,0.0,Low,0,1,North Carolina2012
North Dakota,27.9,2012,75000.0,87000.0,168300.0,549051.0,567388.0,41.8,65928.0,51832.6,22.99,249180.0,0.0,Low,0,1,North Dakota2012
Ohio,25.2,2012,1003300.0,1250200.0,3073300.0,3614913.0,6605931.0,53.0,52461.0,545740.1,26.84,4738057.0,0.0,Low,0,1,Ohio2012
Oklahoma,23.8,2012,345800.0,441900.0,961800.0,1562808.0,2211773.0,62.3,57228.0,174874.4,22.16,1361338.0,0.0,Low,0,1,Oklahoma2012
Oregon,29.9,2012,342500.0,473800.0,1022400.0,978023.0,2219899.0,46.3,61210.0,174611.0,24.07,1455989.0,34.0,Low,0,1,Oregon2012
Pennsylvania,27.8,2012,1112700.0,1358700.0,3386800.0,3642320.0,7284519.0,51.1,61362.0,647925.9,29.12,4774517.0,0.0,Low,0,1,Pennsylvania2012
Rhode Island,31.4,2012,98400.0,114300.0,283400.0,183454.0,592978.0,52.3,66281.0,51583.0,37.34,456426.0,0.0,Low,0,1,Rhode Island2012
South Carolina,25.1,2012,420600.0,512200.0,1227500.0,1572947.0,2453282.0,64.7,52492.0,177618.1,26.68,1712853.0,0.0,Low,0,1,South Carolina2012
South Dakota,26.3,2012,73100.0,95600.0,200700.0,375687.0,574966.0,45.8,58420.0,43901.5,24.88,331662.0,0.0,Low,0,1,South Dakota2012
Tennessee,24.3,2012,566500.0,726800.0,1729100.0,2081771.0,3635195.0,59.6,50830.0,286341.5,27.23,2232583.0,0.0,Low,0,1,Tennessee2012
Texas,26.7,2012,2501100.0,3236000.0,6872800.0,11859784.0,15095912.0,67.8,61388.0,1421180.1,25.33,7821858.0,0.0,Low,0,1,Texas2012
Utah,30.7,2012,316300.0,396300.0,656800.0,786086.0,1706060.0,48.1,68972.0,129512.5,23.1,832196.0,0.0,Low,0,1,Utah2012
Vermont,35.8,2012,52900.0,61900.0,168300.0,129511.0,421809.0,44.8,65710.0,29241.3,41.68,251436.0,0.0,Low,0,1,Vermont2012
Virginia,35.5,2012,705400.0,964000.0,2242600.0,2359905.0,4856886.0,57.6,76409.0,445973.6,26.59,3305910.0,5.0,Low,0,1,Virginia2012
Washington,31.7,2012,616800.0,849400.0,1862500.0,2011343.0,3909210.0,45.4,73519.0,400530.6,20.49,2542746.0,22.0,Low,0,1,Washington2012
West Virginia,18.6,2012,157100.0,190000.0,486400.0,731013.0,918927.0,54.2,51489.0,70322.2,23.91,537130.0,0.0,Low,0,1,West Virginia2012
Wisconsin,27.1,2012,490900.0,642800.0,1538600.0,1738007.0,3499405.0,44.8,62751.0,277107.1,30.25,2221496.0,0.0,Low,0,1,Wisconsin2012
Wyoming,24.7,2012,51700.0,72000.0,145000.0,551037.0,396704.0,41.5,67992.0,38855.4,21.19,212788.0,0.0,Low,0,1,Wyoming2012
Alabama,23.5,2013,441800.0,533800.0,1246600.0,1931830.0,2523338.0,64.9,55126.0,194786.9,26.47,2074969.0,0.0,Low,0,1,Alabama2013
Alaska,28.0,2013,75300.0,96000.0,186900.0,597944.0,461110.0,9.8,84427.0,57247.7,48.37,201042.0,0.0,Low,0,1,Alaska2013
Arizona,27.4,2013,615800.0,771600.0,1631200.0,1464044.0,3371219.0,61.6,61290.0,278591.6,29.71,2257249.0,6.0,Low,0,1,Arizona2013
Arkansas,20.6,2013,255500.0,337700.0,742800.0,1106095.0,1569249.0,63.4,45872.0,113227.3,23.29,865210.0,0.0,Low,0,1,Arkansas2013
California,31.0,2013,3840800.0,4845800.0,10248700.0,7532398.0,21319995.0,59.1,70823.0,2220389.9,42.01,13822505.0,754.0,Low,0,1,California2013
Colorado,37.8,2013,484600.0,665600.0,1412000.0,1478113.0,3356175.0,47.8,79115.0,292140.5,29.01,1819608.0,32.0,Low,0,1,Colorado2013
Connecticut,37.2,2013,286200.0,384800.0,994300.0,747012.0,2246561.0,52.2,80721.0,241517.4,45.88,1474581.0,0.0,Low,0,1,Connecticut2013
Delaware,29.8,2013,78400.0,104800.0,243500.0,280901.0,544797.0,58.3,63014.0,61716.2,32.11,448155.0,0.0,Low,0,1,Delaware2013
District of Columbia,55.1,2013,68800.0,126600.0,162500.0,174800.0,848226.0,58.8,69964.0,114540.1,34.74,218642.0,0.0,Low,0,1,District of Columbia2013
Florida,27.2,2013,1704900.0,2089500.0,5056300.0,4130115.0,10539255.0,72.3,56538.0,811751.7,29.95,7425492.0,0.0,Low,0,1,Florida2013
Georgia,28.3,2013,913100.0,1156600.0,2720800.0,2907929.0,5496783.0,65.7,54744.0,464752.8,28.41,3435040.0,0.0,Low,0,1,Georgia2013
Hawaii,31.2,2013,119600.0,160800.0,344100.0,301914.0,868122.0,76.9,74831.0,74554.9,97.51,568238.0,0.0,Low,0,1,Hawaii2013
Idaho,26.2,2013,147100.0,182600.0,394600.0,530443.0,902866.0,44.6,56462.0,61835.8,22.19,598877.0,0.0,Low,0,1,Idaho2013
Illinois,32.1,2013,1185300.0,1565700.0,3450400.0,4007352.0,7503158.0,55.6,62835.0,741121.5,24.35,4796992.0,0.0,Low,0,1,Illinois2013
Indiana,23.8,2013,585600.0,734100.0,1709500.0,2870800.0,3684125.0,54.9,57613.0,312138.5,25.65,2264905.0,0.0,Low,0,1,Indiana2013
Iowa,26.4,2013,272500.0,344600.0,770700.0,1522015.0,2019480.0,51.7,70080.0,162200.3,23.65,1366389.0,0.0,Low,0,1,Iowa2013
Kansas,31.1,2013,262500.0,336000.0,710600.0,1096241.0,1869054.0,57.9,55709.0,144483.2,28.68,1031234.0,0.0,Low,0,1,Kansas2013
Kentucky,22.6,2013,391900.0,484700.0,1160700.0,1841392.0,2407562.0,58.2,52282.0,184524.4,22.58,1714904.0,0.0,Low,0,1,Kentucky2013
Louisiana,22.5,2013,449500.0,562800.0,1156700.0,3919352.0,2641657.0,68.5,54083.0,230832.5,24.3,1506504.0,0.0,Low,0,1,Louisiana2013
Maine,28.2,2013,103600.0,129000.0,361100.0,414233.0,803641.0,43.7,64023.0,54470.1,34.75,487896.0,0.0,Low,0,1,Maine2013
Maryland,37.4,2013,510000.0,711200.0,1639800.0,1414768.0,3493921.0,57.4,80794.0,340577.6,34.16,1918606.0,0.0,Low,0,1,Maryland2013
Massachusetts,40.3,2013,584200.0,786400.0,1827400.0,1442675.0,4353568.0,51.1,72844.0,454321.2,42.53,2510780.0,0.0,Low,0,1,Massachusetts2013
Michigan,26.9,2013,929000.0,1028900.0,2604100.0,2865514.0,5323762.0,48.2,65898.0,437274.4,32.89,3593751.0,0.0,Low,0,1,Michigan2013
Minnesota,33.5,2013,462000.0,661400.0,1432400.0,1885718.0,3556487.0,44.6,74935.0,311126.4,27.69,2212406.0,2.0,Low,0,1,Minnesota2013
Mississippi,20.4,2013,278200.0,325300.0,750600.0,1090777.0,1532583.0,65.5,37673.0,102371.0,26.9,871806.0,0.0,Low,0,1,Mississippi2013
Missouri,27.0,2013,546000.0,694700.0,1542600.0,1851509.0,3565922.0,58.3,53941.0,280571.0,26.49,2484904.0,0.0,Low,0,1,Missouri2013
Montana,29.0,2013,90800.0,109700.0,246900.0,406573.0,641917.0,44.2,50328.0,43687.9,25.74,444707.0,29.0,Low,0,1,Montana2013
Nebraska,29.4,2013,169100.0,221900.0,460100.0,871930.0,1266477.0,52.3,67129.0,107260.7,25.61,733008.0,0.0,Low,0,1,Nebraska2013
Nevada,22.5,2013,250400.0,346900.0,750700.0,705255.0,1561388.0,51.6,60399.0,132086.4,26.47,977852.0,0.0,Low,0,1,Nevada2013
New Hampshire,34.6,2013,104900.0,133000.0,375700.0,306192.0,835032.0,46.4,80498.0,70476.2,41.91,625391.0,0.0,Low,0,1,New Hampshire2013
New Jersey,36.6,2013,734700.0,997000.0,2515200.0,2219226.0,5132846.0,55.7,74271.0,534177.8,40.21,3644546.0,1.0,Low,0,1,New Jersey2013
New Mexico,26.4,2013,196600.0,234300.0,509100.0,672726.0,1075465.0,55.4,46792.0,88756.9,27.25,716439.0,0.0,Low,0,1,New Mexico2013
New York,34.1,2013,1843800.0,2443300.0,5292700.0,3723107.0,11619137.0,48.7,58209.0,1365529.0,45.25,5203357.0,23.0,Low,0,1,New York2013
North Carolina,28.4,2013,869700.0,1082800.0,2633000.0,2558302.0,5437125.0,60.7,53981.0,462268.9,27.08,3495804.0,0.0,Low,0,1,North Carolina2013
North Dakota,27.1,2013,86200.0,84500.0,170800.0,591489.0,587398.0,43.4,68910.0,54271.0,24.07,255183.0,0.0,Low,0,1,North Dakota2013
Ohio,26.1,2013,1004700.0,1271300.0,3023400.0,3685457.0,6680769.0,53.9,59120.0,566532.4,27.08,4862768.0,0.0,Low,0,1,Ohio2013
Oklahoma,23.8,2013,358600.0,454200.0,951400.0,1615766.0,2248291.0,62.9,53777.0,182694.7,23.23,1376118.0,0.0,Low,0,1,Oklahoma2013
Oregon,30.7,2013,351200.0,466000.0,1023800.0,997269.0,2259714.0,47.6,57082.0,179527.7,24.72,1520784.0,73.0,Low,0,1,Oregon2013
Pennsylvania,28.7,2013,1095600.0,1381600.0,3338100.0,3856209.0,7350854.0,51.7,64255.0,668569.1,28.82,4809900.0,0.0,Low,0,1,Pennsylvania2013
Rhode Island,32.4,2013,100100.0,116500.0,279300.0,196882.0,602429.0,52.6,65614.0,53034.1,40.2,459393.0,0.0,Low,0,1,Rhode Island2013
South Carolina,26.1,2013,435700.0,516300.0,1225900.0,1603130.0,2500792.0,64.7,50749.0,185009.1,27.09,1750642.0,0.0,Low,0,1,South Carolina2013
South Dakota,26.6,2013,74200.0,97100.0,206200.0,390488.0,581384.0,48.8,62224.0,45361.0,25.96,331920.0,0.0,Low,0,1,South Dakota2013
Tennessee,24.8,2013,579300.0,732400.0,1720800.0,2137403.0,3688630.0,60.2,50514.0,295862.7,26.81,2284326.0,0.0,Low,0,1,Tennessee2013
Texas,27.5,2013,2550900.0,3294900.0,6904600.0,12631931.0,15529989.0,67.6,59886.0,1515195.6,25.67,7954906.0,0.0,Low,0,1,Texas2013
Utah,31.3,2013,312000.0,391200.0,674500.0,822394.0,1753371.0,50.0,71118.0,135450.4,23.97,876036.0,0.0,Low,0,1,Utah2013
Vermont,35.7,2013,47400.0,63800.0,167900.0,137377.0,425029.0,45.6,76320.0,29289.6,42.83,258801.0,0.0,Low,0,1,Vermont2013
Virginia,36.1,2013,717100.0,973000.0,2229600.0,2428477.0,4898765.0,57.5,76779.0,457640.5,26.25,3296365.0,26.0,Low,0,1,Virginia2013
Washington,32.7,2013,621700.0,871200.0,1845600.0,2035649.0,3991724.0,46.9,74467.0,419092.4,20.94,2800255.0,839.0,Medium,1,2,Washington2013
West Virginia,18.9,2013,155800.0,189900.0,480000.0,751321.0,913619.0,54.2,50174.0,71481.5,23.2,541900.0,0.0,Low,0,1,West Virginia2013
Wisconsin,27.7,2013,497400.0,645700.0,1518000.0,1833111.0,3539937.0,47.1,60259.0,284270.9,30.82,2256529.0,0.0,Low,0,1,Wisconsin2013
Wyoming,26.6,2013,55100.0,74100.0,140900.0,539997.0,400402.0,44.4,78566.0,39289.8,22.24,228731.0,0.0,Low,0,1,Wyoming2013
Alabama,23.5,2014,443900.0,534100.0,1239200.0,1967782.0,2551872.0,61.5,48432.0,197406.9,27.2,2524144.0,0.0,Low,0,1,Alabama2014
Alaska,28.0,2014,77000.0,92400.0,184700.0,596523.0,461327.0,18.4,77473.0,56484.9,51.27,195389.0,0.0,Low,0,1,Alaska2014
Arizona,27.6,2014,629800.0,763700.0,1646800.0,1473676.0,3448173.0,61.1,56424.0,287666.6,29.83,2320664.0,10.0,Low,0,1,Arizona2014
Arkansas,21.4,2014,255600.0,330800.0,742500.0,1121935.0,1587414.0,59.1,51461.0,116139.4,23.19,989290.0,0.0,Low,0,1,Arkansas2014
California,31.7,2014,3847100.0,4986800.0,10292400.0,7445975.0,21997098.0,60.0,69292.0,2335286.5,44.49,14065988.0,5857.0,High,2,3,California2014
Colorado,38.3,2014,489100.0,695500.0,1411500.0,1494023.0,3467519.0,45.4,69811.0,309542.6,29.52,1806484.0,148.0,Low,0,1,Colorado2014
Connecticut,38.0,2014,290500.0,382300.0,986300.0,751740.0,2266029.0,49.3,80374.0,246597.0,49.96,1430899.0,0.0,Low,0,1,Connecticut2014
Delaware,30.6,2014,83900.0,101600.0,235800.0,281002.0,556517.0,55.2,65895.0,68354.7,33.16,441745.0,0.0,Low,0,1,Delaware2014
District of Columbia,55.0,2014,64600.0,133100.0,168700.0,179278.0,860669.0,58.5,78216.0,119414.6,35.5,216156.0,0.0,Low,0,1,District of Columbia2014
Florida,27.3,2014,1714600.0,2146800.0,5075100.0,4173314.0,10937166.0,70.9,52856.0,851692.4,31.55,7543890.0,0.0,Low,0,1,Florida2014
Georgia,29.1,2014,923700.0,1180500.0,2723600.0,2977977.0,5670735.0,62.4,56768.0,490079.3,29.38,3567887.0,0.0,Low,0,1,Georgia2014
Hawaii,31.0,2014,116600.0,170100.0,344600.0,295244.0,882732.0,77.7,81591.0,76773.3,98.0,591971.0,0.0,Low,0,1,Hawaii2014
Idaho,25.0,2014,149600.0,182500.0,393200.0,525029.0,925519.0,44.3,61217.0,64575.2,23.23,608670.0,0.0,Low,0,1,Idaho2014
Illinois,32.8,2014,1170100.0,1557900.0,3418400.0,4085398.0,7613484.0,50.3,62910.0,771356.1,27.6,4795379.0,0.0,Low,0,1,Illinois2014
Indiana,24.7,2014,593700.0,738200.0,1696100.0,2910530.0,3740428.0,50.3,55056.0,327958.3,26.63,2395758.0,0.0,Low,0,1,Indiana2014
Iowa,27.7,2014,271000.0,349100.0,766600.0,1540439.0,2038926.0,46.0,66225.0,173095.9,23.89,1349292.0,0.0,Low,0,1,Iowa2014
Kansas,31.5,2014,268100.0,335200.0,704100.0,1133375.0,1895859.0,53.5,61224.0,150183.6,29.97,978611.0,0.0,Low,0,1,Kansas2014
Kentucky,22.2,2014,387100.0,484100.0,1155200.0,1779652.0,2440072.0,54.2,49014.0,187983.8,23.96,1749979.0,0.0,Low,0,1,Kentucky2014
Louisiana,22.9,2014,441200.0,570000.0,1153600.0,3940900.0,2684755.0,65.5,48579.0,240737.3,24.4,1459340.0,0.0,Low,0,1,Louisiana2014
Maine,29.4,2014,102300.0,131500.0,354400.0,415034.0,810868.0,41.8,59237.0,56410.8,37.08,471716.0,0.0,Low,0,1,Maine2014
Maryland,38.2,2014,515800.0,719900.0,1628900.0,1426361.0,3537654.0,54.0,87252.0,352761.3,35.47,1989816.0,0.0,Low,0,1,Maryland2014
Massachusetts,41.2,2014,597300.0,802700.0,1813900.0,1452646.0,4447626.0,48.4,72344.0,470468.5,45.0,2438254.0,0.0,Low,0,1,Massachusetts2014
Michigan,27.4,2014,929600.0,1050300.0,2569200.0,2909764.0,5412041.0,43.2,59575.0,451773.2,32.38,3445806.0,0.0,Low,0,1,Michigan2014
Minnesota,34.3,2014,462200.0,678600.0,1416600.0,1939400.0,3603717.0,38.6,77032.0,324751.4,28.04,2162403.0,2.0,Low,0,1,Minnesota2014
Mississippi,21.1,2014,269800.0,323400.0,749000.0,1102445.0,1556753.0,62.2,40692.0,104300.3,28.35,857667.0,0.0,Low,0,1,Mississippi2014
Missouri,27.5,2014,534800.0,703000.0,1530000.0,1911681.0,3596751.0,52.9,64873.0,287507.5,26.71,2231294.0,0.0,Low,0,1,Missouri2014
Montana,29.3,2014,95200.0,110000.0,243000.0,405273.0,648873.0,42.6,58541.0,45177.2,25.76,436580.0,47.0,Low,0,1,Montana2014
Nebraska,29.5,2014,161900.0,223200.0,459800.0,878327.0,1282745.0,48.4,65148.0,111945.9,25.91,751543.0,0.0,Low,0,1,Nebraska2014
Nevada,23.1,2014,259200.0,351300.0,759100.0,708332.0,1608494.0,51.4,57135.0,136008.7,28.5,990113.0,0.0,Low,0,1,Nevada2014
New Hampshire,35.0,2014,109400.0,132000.0,368000.0,314337.0,844499.0,43.9,84081.0,72995.2,44.61,559174.0,0.0,Low,0,1,New Hampshire2014
New Jersey,37.4,2014,746900.0,1002000.0,2498000.0,2232255.0,5206784.0,52.6,74740.0,542842.8,40.98,3476346.0,32.0,Low,0,1,New Jersey2014
New Mexico,26.4,2014,206800.0,233900.0,496900.0,681854.0,1083772.0,54.0,53482.0,92185.7,28.45,724099.0,0.0,Low,0,1,New Mexico2014
New York,34.5,2014,1828500.0,2487400.0,5265900.0,3840907.0,11865518.0,45.1,62216.0,1430923.3,47.63,5159696.0,123.0,Low,0,1,New York2014
North Carolina,28.7,2014,872400.0,1097900.0,2640000.0,2603078.0,5568662.0,57.8,53594.0,483191.3,27.35,3474767.0,0.0,Low,0,1,North Carolina2014
North Dakota,27.4,2014,83300.0,94700.0,168300.0,640539.0,606989.0,38.6,69570.0,59926.3,24.69,250998.0,0.0,Low,0,1,North Dakota2014
Ohio,26.6,2014,997400.0,1284600.0,2983500.0,3793308.0,6771468.0,50.0,56870.0,595640.9,28.62,4806759.0,0.0,Low,0,1,Ohio2014
Oklahoma,24.2,2014,361900.0,456000.0,947200.0,1683025.0,2272885.0,58.5,54069.0,196631.6,24.15,1391802.0,0.0,Low,0,1,Oklahoma2014
Oregon,30.8,2014,340100.0,487200.0,1018900.0,993638.0,2323122.0,48.2,67445.0,188120.7,25.45,1403517.0,165.0,Low,0,1,Oregon2014
Pennsylvania,29.0,2014,1072200.0,1432100.0,3272400.0,3983725.0,7434313.0,48.2,63204.0,694142.6,30.2,4711119.0,0.0,Low,0,1,Pennsylvania2014
Rhode Island,30.4,2014,96200.0,120400.0,275700.0,203822.0,613133.0,50.3,67168.0,54559.7,45.17,455520.0,0.0,Low,0,1,Rhode Island2014
South Carolina,26.3,2014,423600.0,532700.0,1227900.0,1644829.0,2564448.0,61.4,51469.0,194352.7,28.33,1754081.0,0.0,Low,0,1,South Carolina2014
South Dakota,27.8,2014,77700.0,96500.0,200900.0,393913.0,589296.0,44.0,60776.0,46785.4,26.53,324159.0,0.0,Low,0,1,South Dakota2014
Tennessee,25.3,2014,593800.0,731500.0,1709900.0,2205042.0,3772332.0,56.2,50079.0,306153.1,27.59,2273512.0,0.0,Low,0,1,Tennessee2014
Texas,27.8,2014,2584900.0,3377300.0,7000600.0,12627593.0,16000512.0,64.8,61717.0,1579299.5,26.49,8140320.0,0.0,Low,0,1,Texas2014
Utah,31.1,2014,311100.0,391100.0,685900.0,795029.0,1803953.0,48.6,72609.0,142150.1,24.57,895718.0,0.0,Low,0,1,Utah2014
Vermont,34.9,2014,51100.0,64000.0,162600.0,140379.0,428938.0,42.9,69545.0,30099.4,42.7,244026.0,0.0,Low,0,1,Vermont2014
Virginia,36.7,2014,733100.0,975000.0,2212600.0,2484858.0,4953354.0,54.4,75785.0,465181.8,26.89,3309479.0,7.0,Low,0,1,Virginia2014
Washington,33.1,2014,630600.0,881700.0,1845500.0,2008907.0,4094309.0,47.6,67666.0,440648.0,21.04,2748938.0,1694.0,Medium,1,2,Washington2014
West Virginia,19.2,2014,156300.0,189900.0,470100.0,781076.0,911516.0,50.9,45309.0,72648.2,22.44,576821.0,0.0,Low,0,1,West Virginia2014
Wisconsin,28.4,2014,514100.0,644000.0,1493500.0,1889496.0,3585838.0,40.9,66534.0,295696.0,30.99,2194649.0,0.0,Low,0,1,Wisconsin2014
Wyoming,26.6,2014,52600.0,73400.0,143900.0,536312.0,406343.0,42.0,63796.0,40310.6,22.87,216593.0,0.0,Low,0,1,Wyoming2014
Alabama,24.2,2015,424900.0,544800.0,1232300.0,1917138.0,2587451.0,62.6,50900.0,202372.4,27.39,2278262.0,0.0,Low,0,1,Alabama2015
Alaska,29.7,2015,78800.0,96300.0,177800.0,614242.0,461649.0,7.1,85898.0,51490.9,51.65,193348.0,0.0,Low,0,1,Alaska2015
Arizona,27.7,2015,631300.0,779700.0,1661800.0,1495858.0,3547627.0,62.1,59751.0,299393.3,30.31,2332734.0,12.0,Low,0,1,Arizona2015
Arkansas,21.8,2015,259900.0,334700.0,738300.0,1062359.0,1610805.0,58.9,48944.0,117786.8,24.03,947789.0,0.0,Low,0,1,Arkansas2015
California,32.3,2015,3816900.0,5070900.0,10311100.0,7525491.0,22687196.0,61.3,72774.0,2473555.9,45.3,14463569.0,18356.0,High,2,3,California2015
Colorado,39.2,2015,496000.0,723500.0,1421700.0,1501006.0,3574243.0,46.3,76159.0,320721.1,29.18,1822170.0,214.0,Low,0,1,Colorado2015
Connecticut,38.3,2015,304000.0,376100.0,966000.0,756746.0,2288113.0,48.7,83355.0,259487.8,52.09,1385867.0,0.0,Low,0,1,Connecticut2015
Delaware,30.9,2015,82200.0,105700.0,236900.0,284672.0,568952.0,54.9,66049.0,71913.9,32.96,438031.0,0.0,Low,0,1,Delaware2015
District of Columbia,56.7,2015,66300.0,134800.0,171400.0,178222.0,873232.0,58.5,80133.0,124604.7,35.36,200566.0,0.0,Low,0,1,District of Columbia2015
Florida,28.4,2015,1710900.0,2213200.0,5121000.0,4324701.0,11367160.0,71.0,55836.0,908519.9,30.75,7735060.0,267.0,Low,0,1,Florida2015
Georgia,29.9,2015,914700.0,1184900.0,2741400.0,2978591.0,5832585.0,63.4,58058.0,521008.2,28.19,3523619.0,40.0,Low,0,1,Georgia2015
Hawaii,31.4,2015,120800.0,170400.0,342900.0,298992.0,901121.0,77.9,73778.0,81230.3,76.75,522807.0,0.0,Low,0,1,Hawaii2015
Idaho,26.0,2015,147900.0,186300.0,397600.0,540252.0,949506.0,45.2,59037.0,65899.9,23.7,626440.0,0.0,Low,0,1,Idaho2015
Illinois,32.9,2015,1175400.0,1549800.0,3387900.0,3920125.0,7748868.0,50.0,69088.0,799930.5,27.74,4775414.0,12.0,Low,0,1,Illinois2015
Indiana,24.9,2015,607400.0,730400.0,1679100.0,2826490.0,3796419.0,49.9,59447.0,331945.7,26.45,2335800.0,0.0,Low,0,1,Indiana2015
Iowa,26.8,2015,278600.0,348900.0,760100.0,1507520.0,2059837.0,46.1,69593.0,180299.3,24.47,1326200.0,0.0,Low,0,1,Iowa2015
Kansas,31.7,2015,261900.0,334300.0,706000.0,1101677.0,1910954.0,53.9,62743.0,154958.2,29.94,992017.0,0.0,Low,0,1,Kansas2015
Kentucky,23.3,2015,385700.0,481200.0,1142800.0,1730308.0,2473915.0,54.8,48474.0,193413.1,23.95,1713959.0,0.0,Low,0,1,Kentucky2015
Louisiana,23.2,2015,434100.0,572700.0,1146300.0,3911919.0,2696590.0,65.4,52516.0,235113.5,23.19,1438568.0,0.0,Low,0,1,Louisiana2015
Maine,30.1,2015,103000.0,129600.0,347800.0,424754.0,816552.0,41.0,58044.0,58131.3,37.46,419560.0,0.0,Low,0,1,Maine2015
Maryland,38.8,2015,530000.0,709200.0,1618000.0,1424201.0,3602936.0,53.8,84162.0,369728.1,35.38,1993936.0,8.0,Low,0,1,Maryland2015
Massachusetts,41.5,2015,595200.0,818300.0,1802900.0,1468270.0,4631417.0,47.6,77605.0,498851.3,49.54,2374223.0,1.0,Low,0,1,Massachusetts2015
Michigan,27.8,2015,919100.0,1074100.0,2526500.0,2826679.0,5501549.0,42.2,61986.0,474983.3,31.57,3376682.0,0.0,Low,0,1,Michigan2015
Minnesota,34.7,2015,458100.0,671100.0,1421000.0,1813635.0,3662852.0,39.6,78599.0,335530.2,28.08,2079843.0,10.0,Low,0,1,Minnesota2015
Mississippi,20.8,2015,272600.0,315100.0,742700.0,1085042.0,1568218.0,62.8,45786.0,105914.6,28.12,847173.0,0.0,Low,0,1,Mississippi2015
Missouri,27.8,2015,547100.0,685100.0,1514600.0,1831407.0,3655804.0,53.3,67696.0,296929.3,27.67,2273098.0,0.0,Low,0,1,Missouri2015
Montana,30.6,2015,92600.0,114600.0,244200.0,403641.0,660524.0,41.9,58775.0,46604.1,26.76,435930.0,51.0,Low,0,1,Montana2015
Nebraska,30.2,2015,172100.0,218400.0,457900.0,857967.0,1302833.0,48.2,69158.0,116514.6,26.1,732856.0,0.0,Low,0,1,Nebraska2015
Nevada,23.6,2015,254900.0,359100.0,769200.0,697627.0,1664658.0,53.1,59476.0,145115.9,27.77,1017534.0,9.0,Low,0,1,Nevada2015
New Hampshire,35.7,2015,106600.0,135100.0,359400.0,316649.0,860657.0,42.9,86541.0,76478.0,46.95,535188.0,0.0,Low,0,1,New Hampshire2015
New Jersey,37.6,2015,753700.0,1003000.0,2470200.0,2183497.0,5303122.0,52.1,78173.0,563233.8,40.35,2918603.0,98.0,Low,0,1,New Jersey2015
New Mexico,26.5,2015,189400.0,236500.0,494500.0,681082.0,1092255.0,54.7,51598.0,90274.3,28.35,667947.0,0.0,Low,0,1,New Mexico2015
New York,35.0,2015,1822200.0,2503400.0,5223900.0,3838544.0,12099185.0,44.4,66334.0,1487627.6,44.77,4868521.0,765.0,Low,0,1,New York2015
North Carolina,29.4,2015,871200.0,1119400.0,2634300.0,2595919.0,5695035.0,58.7,58091.0,508928.7,27.47,3439151.0,0.0,Low,0,1,North Carolina2015
North Dakota,29.1,2015,78300.0,99100.0,174300.0,608353.0,597642.0,39.6,65659.0,55996.9,25.68,247404.0,0.0,Low,0,1,North Dakota2015
Ohio,26.8,2015,995900.0,1295600.0,2946300.0,3708157.0,6862127.0,49.6,60955.0,611019.5,29.34,4738800.0,0.0,Low,0,1,Ohio2015
Oklahoma,24.6,2015,343000.0,466300.0,942300.0,1625556.0,2287598.0,59.0,53837.0,186815.6,23.35,1156606.0,0.0,Low,0,1,Oklahoma2015
Oregon,32.2,2015,350800.0,488300.0,1032500.0,971766.0,2391112.0,49.7,69569.0,200659.6,25.63,1432905.0,312.0,Low,0,1,Oregon2015
Pennsylvania,29.7,2015,1065700.0,1427900.0,3236200.0,3897610.0,7510351.0,47.7,69061.0,714202.9,30.33,4680498.0,0.0,Low,0,1,Pennsylvania2015
Rhode Island,32.7,2015,97300.0,122000.0,271300.0,202693.0,627028.0,49.7,63699.0,56390.8,49.86,447356.0,0.0,Low,0,1,Rhode Island2015
South Carolina,26.8,2015,444800.0,530600.0,1228900.0,1663373.0,2636738.0,62.6,53017.0,205816.7,28.08,1784004.0,0.0,Low,0,1,South Carolina2015
South Dakota,27.5,2015,73500.0,98500.0,199400.0,389999.0,592591.0,44.0,62972.0,48070.2,27.76,328797.0,0.0,Low,0,1,South Dakota2015
Tennessee,25.7,2015,581200.0,746800.0,1711000.0,2179722.0,3859507.0,57.1,54126.0,325294.0,27.31,2318324.0,0.0,Low,0,1,Tennessee2015
Texas,28.4,2015,2601500.0,3445000.0,7092600.0,12757827.0,16414591.0,64.8,64582.0,1573498.4,25.82,8451039.0,132.0,Low,0,1,Texas2015
Utah,31.8,2015,324800.0,385800.0,703900.0,798313.0,1865926.0,50.6,75772.0,149153.4,25.13,919013.0,8.0,Low,0,1,Utah2015
Vermont,36.9,2015,49800.0,67900.0,160100.0,140546.0,432508.0,41.8,68037.0,30933.3,42.22,252859.0,2.0,Low,0,1,Vermont2015
Virginia,37.0,2015,720800.0,976000.0,2209100.0,2440821.0,5060290.0,54.8,70315.0,483786.5,27.28,3270479.0,105.0,Low,0,1,Virginia2015
Washington,34.2,2015,634300.0,912500.0,1857300.0,1995985.0,4199112.0,48.5,76899.0,466689.7,21.85,2841248.0,4646.0,High,2,3,Washington2015
West Virginia,19.6,2015,154300.0,185400.0,469500.0,768657.0,904242.0,51.2,48973.0,71318.5,23.79,566215.0,0.0,Low,0,1,West Virginia2015
Wisconsin,28.4,2015,496800.0,642500.0,1486500.0,1814408.0,3624584.0,41.0,63384.0,307507.9,31.47,2189332.0,0.0,Low,0,1,Wisconsin2015
Wyoming,26.2,2015,52200.0,70100.0,139000.0,507121.0,406033.0,42.3,69673.0,38426.9,23.48,206884.0,0.0,Low,0,1,Wyoming2015
Alabama,24.7,2016,427300.0,541700.0,1220600.0,1922727.0,2619737.0,64.6,53314.0,207368.4,28.07,2284443.0,0.0,Low,0,1,Alabama2016
Alaska,29.6,2016,72600.0,101200.0,179500.0,593662.0,457120.0,17.2,85494.0,50727.7,52.62,183259.0,0.0,Low,0,1,Alaska2016
Arizona,28.9,2016,636200.0,796100.0,1664400.0,1524720.0,3644774.0,61.5,64468.0,313081.4,30.28,2377962.0,234.0,Low,0,1,Arizona2016
Arkansas,22.4,2016,262600.0,328000.0,727600.0,1053706.0,1629698.0,61.5,51830.0,119152.4,23.85,942604.0,0.0,Low,0,1,Arkansas2016
California,32.9,2016,3747200.0,5122900.0,10263600.0,7647955.0,23177898.0,60.4,75235.0,2569634.0,44.74,14768392.0,52427.0,High,2,3,California2016
Colorado,39.9,2016,502300.0,726700.0,1446200.0,1470307.0,3666733.0,47.1,79671.0,329911.7,28.85,1807777.0,883.0,Medium,1,2,Colorado2016
Connecticut,38.6,2016,305100.0,380800.0,942200.0,724686.0,2301306.0,50.4,85720.0,263670.3,50.54,1352381.0,0.0,Low,0,1,Connecticut2016
Delaware,31.0,2016,74500.0,112000.0,233900.0,280937.0,578668.0,56.6,65536.0,69355.0,32.74,447007.0,34.0,Low,0,1,Delaware2016
District of Columbia,56.8,2016,65800.0,135800.0,173900.0,174553.0,892766.0,60.1,80141.0,129648.6,34.38,206833.0,0.0,Low,0,1,District of Columbia2016
Florida,28.6,2016,1706000.0,2277100.0,5140000.0,4362567.0,11682235.0,73.2,57779.0,953352.5,29.03,7855250.0,1876.0,Medium,1,2,Florida2016
Georgia,30.5,2016,907900.0,1209700.0,2730400.0,2951822.0,5973742.0,65.3,60434.0,547546.7,28.1,3538180.0,125.0,Low,0,1,Georgia2016
Hawaii,31.9,2016,111500.0,168000.0,346000.0,300390.0,914893.0,78.2,81440.0,83914.4,70.01,516544.0,12.0,Low,0,1,Hawaii2016
Idaho,27.6,2016,146000.0,195400.0,398600.0,540164.0,976741.0,46.1,63863.0,68837.4,23.7,607902.0,4.0,Low,0,1,Idaho2016
Illinois,34.0,2016,1125300.0,1560100.0,3333500.0,3925630.0,7804669.0,53.0,69307.0,807043.2,27.69,4524709.0,123.0,Low,0,1,Illinois2016
Indiana,25.6,2016,602900.0,738100.0,1655500.0,2777075.0,3847508.0,52.5,63332.0,340500.7,27.11,2330172.0,12.0,Low,0,1,Indiana2016
Iowa,28.4,2016,276700.0,350500.0,761100.0,1534622.0,2066677.0,49.1,66719.0,181011.4,25.07,1303131.0,0.0,Low,0,1,Iowa2016
Kansas,32.8,2016,271200.0,327000.0,697200.0,1092806.0,1916152.0,56.3,64140.0,160451.0,31.03,980359.0,3.0,Low,0,1,Kansas2016
Kentucky,23.4,2016,385100.0,485100.0,1129300.0,1704124.0,2498658.0,56.5,51223.0,196484.9,24.77,1713590.0,0.0,Low,0,1,Kentucky2016
Louisiana,23.4,2016,420200.0,569000.0,1143100.0,4030644.0,2691382.0,68.2,47641.0,227090.7,22.68,1425349.0,0.0,Low,0,1,Louisiana2016
Maine,30.1,2016,93200.0,137700.0,340300.0,392025.0,826727.0,41.9,57418.0,60254.4,37.51,409229.0,1.0,Low,0,1,Maine2016
Maryland,39.3,2016,496500.0,726500.0,1602300.0,1386648.0,3659061.0,55.6,83277.0,387733.4,35.79,1976021.0,19.0,Low,0,1,Maryland2016
Massachusetts,42.7,2016,583400.0,836100.0,1775300.0,1426034.0,4709797.0,49.0,81591.0,514637.6,48.3,2305471.0,12.0,Low,0,1,Massachusetts2016
Michigan,28.3,2016,909600.0,1092800.0,2486200.0,2806190.0,5575782.0,45.6,64458.0,490264.0,32.44,3248359.0,11.0,Low,0,1,Michigan2016
Minnesota,34.8,2016,456800.0,669100.0,1408200.0,1838918.0,3698063.0,43.4,79278.0,344060.8,29.42,2081723.0,12.0,Low,0,1,Minnesota2016
Mississippi,21.8,2016,272400.0,314900.0,735600.0,1071689.0,1581185.0,65.3,46402.0,107291.4,25.59,840737.0,0.0,Low,0,1,Mississippi2016
Missouri,28.5,2016,514400.0,693200.0,1509500.0,1781656.0,3700557.0,55.8,62115.0,300914.5,28.56,2247914.0,2.0,Low,0,1,Missouri2016
Montana,31.0,2016,93300.0,110000.0,242200.0,406422.0,667769.0,44.8,64440.0,45490.9,26.69,441201.0,55.0,Low,0,1,Montana2016
Nebraska,31.4,2016,172800.0,219500.0,461800.0,870370.0,1310917.0,50.7,67035.0,118145.9,26.52,700277.0,11.0,Low,0,1,Nebraska2016
Nevada,23.5,2016,256700.0,366500.0,769600.0,727193.0,1724741.0,52.3,62583.0,151840.4,24.58,1047362.0,12.0,Low,0,1,Nevada2016
New Hampshire,36.6,2016,106400.0,139200.0,352900.0,307290.0,873126.0,44.3,86100.0,79090.1,45.88,529491.0,9.0,Low,0,1,New Hampshire2016
New Jersey,38.6,2016,743200.0,1007100.0,2429000.0,2140838.0,5391249.0,54.2,77303.0,575501.0,39.3,2847881.0,339.0,Low,0,1,New Jersey2016
New Mexico,27.2,2016,188800.0,239800.0,492300.0,673638.0,1092519.0,54.8,54703.0,89769.4,26.87,661197.0,8.0,Low,0,1,New Mexico2016
New York,35.7,2016,1785100.0,2520400.0,5142900.0,3768794.0,12259136.0,46.3,69364.0,1551354.1,42.41,4890916.0,1709.0,Medium,1,2,New York2016
North Carolina,30.4,2016,852900.0,1128500.0,2653200.0,2619589.0,5825370.0,60.4,60701.0,526029.8,26.96,3546363.0,76.0,Low,0,1,North Carolina2016
North Dakota,29.6,2016,77400.0,98100.0,174800.0,583657.0,576704.0,43.3,67950.0,51989.2,26.25,243338.0,0.0,Low,0,1,North Dakota2016
Ohio,27.5,2016,982400.0,1307500.0,2891500.0,3667777.0,6931334.0,51.8,60951.0,623265.3,28.95,4693947.0,22.0,Low,0,1,Ohio2016
Oklahoma,25.2,2016,349300.0,464500.0,935700.0,1624919.0,2286923.0,60.9,57516.0,181244.4,23.15,1379222.0,3.0,Low,0,1,Oklahoma2016
Oregon,32.7,2016,352400.0,509800.0,1034000.0,988158.0,2450316.0,49.9,66765.0,211305.9,25.88,1483576.0,356.0,Low,0,1,Oregon2016
Pennsylvania,30.8,2016,1043600.0,1465400.0,3173800.0,3762485.0,7593733.0,49.7,68847.0,726561.9,29.96,4640471.0,364.0,Low,0,1,Pennsylvania2016
Rhode Island,34.1,2016,97300.0,121500.0,266800.0,185173.0,633501.0,50.9,69467.0,57353.5,47.71,436247.0,1.0,Low,0,1,Rhode Island2016
South Carolina,27.2,2016,417000.0,555100.0,1231700.0,1658202.0,2700086.0,64.4,61347.0,215120.2,28.68,1840357.0,120.0,Low,0,1,South Carolina2016
South Dakota,28.9,2016,73500.0,102800.0,194500.0,388097.0,597324.0,47.3,64863.0,49151.4,28.82,364576.0,0.0,Low,0,1,South Dakota2016
Tennessee,26.1,2016,568700.0,764400.0,1710800.0,2207227.0,3951854.0,58.9,57969.0,336413.9,27.11,2347806.0,0.0,Low,0,1,Tennessee2016
Texas,28.9,2016,2623000.0,3540400.0,7108400.0,12986076.0,16683310.0,66.0,65649.0,1579014.9,25.01,8287254.0,1423.0,Medium,1,2,Texas2016
Utah,32.6,2016,323000.0,393900.0,714400.0,807711.0,1933142.0,50.3,76188.0,157827.3,25.65,940604.0,12.0,Low,0,1,Utah2016
Vermont,36.4,2016,50800.0,63700.0,156500.0,135276.0,433778.0,43.4,68687.0,31661.2,42.39,229570.0,2.0,Low,0,1,Vermont2016
Virginia,38.1,2016,708400.0,976000.0,2195400.0,2420341.0,5156641.0,56.5,75025.0,496021.1,26.65,3242520.0,105.0,Low,0,1,Virginia2016
Washington,35.1,2016,635600.0,926300.0,1882200.0,2056396.0,4313687.0,49.8,79382.0,487275.1,22.69,2935656.0,3641.0,High,2,3,Washington2016
West Virginia,20.8,2016,152100.0,184800.0,459000.0,762366.0,890217.0,53.0,50077.0,70924.4,26.32,584599.0,0.0,Low,0,1,West Virginia2016
Wisconsin,29.5,2016,504600.0,646600.0,1448700.0,1801012.0,3657864.0,44.9,67535.0,314073.3,31.3,2159924.0,0.0,Low,0,1,Wisconsin2016
Wyoming,27.1,2016,50400.0,68800.0,139400.0,504984.0,398130.0,43.9,65291.0,35879.0,24.12,211613.0,0.0,Low,0,1,Wyoming2016
Alabama,25.5,2017,430500.0,536200.0,1207200.0,1904206.0,2649157.0,66.1,56219.0,214606.3,28.85,2065463.0,13.0,Low,0,1,Alabama2017
Alaska,28.8,2017,63500.0,97900.0,183600.0,601492.0,455499.0,4.5,86196.0,53301.5,56.05,173487.0,0.0,Low,0,1,Alaska2017
Arizona,29.4,2017,637200.0,815200.0,1677000.0,1531479.0,3740756.0,62.2,65984.0,332001.8,31.18,2391624.0,1008.0,Medium,1,2,Arizona2017
Arkansas,23.4,2017,265200.0,329800.0,726600.0,1057701.0,1639902.0,63.3,54988.0,122466.7,24.23,926789.0,120.0,Low,0,1,Arkansas2017
California,33.6,2017,3697900.0,5240600.0,10277900.0,7766193.0,23548985.0,59.9,77410.0,2728743.1,47.17,14860967.0,108939.0,High,2,3,California2017
Colorado,41.2,2017,492600.0,757900.0,1451700.0,1477307.0,3760707.0,47.3,82877.0,349156.5,29.32,1785058.0,2085.0,High,2,3,Colorado2017
Connecticut,38.7,2017,297600.0,394900.0,927200.0,728349.0,2300236.0,52.0,82125.0,271443.2,51.44,1302339.0,121.0,Low,0,1,Connecticut2017
Delaware,31.5,2017,78500.0,110500.0,231500.0,280044.0,584712.0,57.8,71799.0,68302.5,32.21,419199.0,90.0,Low,0,1,Delaware2017
District of Columbia,57.3,2017,64200.0,141500.0,176600.0,166877.0,902812.0,60.4,89838.0,133243.5,34.57,208141.0,9.0,Low,0,1,District of Columbia2017
Florida,29.7,2017,1698300.0,2330300.0,5217900.0,4345055.0,12098446.0,73.0,58674.0,1003144.0,30.53,7778493.0,2354.0,High,2,3,Florida2017
Georgia,30.9,2017,908000.0,1216400.0,2754900.0,2925877.0,6128050.0,66.5,64089.0,573777.2,28.8,3536055.0,345.0,Low,0,1,Georgia2017
Hawaii,32.9,2017,100400.0,169700.0,341900.0,308376.0,921123.0,78.1,81346.0,87217.4,76.4,512386.0,230.0,Low,0,1,Hawaii2017
Idaho,26.8,2017,150200.0,190100.0,410500.0,557104.0,1007791.0,44.5,65760.0,71730.3,24.2,550006.0,12.0,Low,0,1,Idaho2017
Illinois,34.4,2017,1114500.0,1554000.0,3288200.0,3890442.0,7823093.0,55.2,72913.0,824913.4,28.02,4655844.0,965.0,Medium,1,2,Illinois2017
Indiana,26.8,2017,593900.0,753400.0,1651400.0,2674436.0,3903417.0,54.8,64953.0,352601.0,28.75,2261440.0,143.0,Low,0,1,Indiana2017
Iowa,28.9,2017,273500.0,348700.0,753800.0,1572298.0,2061851.0,51.1,70148.0,184561.3,25.6,1268996.0,0.0,Low,0,1,Iowa2017
Kansas,33.7,2017,263400.0,330000.0,687500.0,1075697.0,1913449.0,57.2,62889.0,165182.5,31.36,987259.0,25.0,Low,0,1,Kansas2017
Kentucky,24.0,2017,377400.0,492700.0,1119700.0,1662333.0,2519975.0,58.7,54901.0,201872.2,25.24,1691085.0,14.0,Low,0,1,Kentucky2017
Louisiana,23.8,2017,424700.0,551400.0,1139300.0,4208312.0,2692658.0,69.4,48151.0,241213.4,23.65,1389436.0,64.0,Low,0,1,Louisiana2017
Maine,32.1,2017,92500.0,143000.0,335100.0,384730.0,834228.0,43.4,58928.0,62253.6,38.16,387233.0,10.0,Low,0,1,Maine2017
Maryland,39.7,2017,500100.0,723100.0,1598700.0,1346703.0,3696747.0,57.0,90734.0,400157.0,35.12,2006904.0,356.0,Low,0,1,Maryland2017
Massachusetts,43.4,2017,568000.0,863800.0,1765200.0,1431083.0,4778252.0,50.6,84269.0,531008.0,50.18,2208468.0,65.0,Low,0,1,Massachusetts2017
Michigan,29.1,2017,896700.0,1111900.0,2462600.0,2798055.0,5631131.0,47.6,62342.0,502130.4,33.12,3257473.0,23.0,Low,0,1,Michigan2017
Minnesota,36.1,2017,463800.0,677000.0,1407900.0,1862210.0,3735645.0,44.7,77341.0,353664.9,30.28,2146187.0,90.0,Low,0,1,Minnesota2017
Mississippi,21.9,2017,273400.0,303900.0,731900.0,1068298.0,1592204.0,66.7,47837.0,109600.8,26.83,822864.0,0.0,Low,0,1,Mississippi2017
Missouri,29.1,2017,510800.0,720200.0,1479400.0,1742207.0,3735912.0,57.8,62481.0,308002.3,29.41,2141050.0,12.0,Low,0,1,Missouri2017
Montana,32.3,2017,95000.0,115500.0,246100.0,422863.0,674401.0,43.9,63450.0,48533.9,26.89,441392.0,172.0,Low,0,1,Montana2017
Nebraska,31.7,2017,167300.0,229600.0,453800.0,873303.0,1317728.0,51.6,65855.0,121726.6,26.6,677040.0,34.0,Low,0,1,Nebraska2017
Nevada,24.9,2017,257000.0,374200.0,788600.0,757955.0,1780628.0,51.8,64151.0,160653.1,25.68,1047508.0,265.0,Low,0,1,Nevada2017
New Hampshire,36.9,2017,104700.0,147400.0,345600.0,317785.0,882493.0,46.0,83591.0,80598.0,47.39,505381.0,14.0,Low,0,1,New Hampshire2017
New Jersey,39.7,2017,734100.0,1026100.0,2420300.0,2089145.0,5448782.0,55.4,78739.0,587421.0,39.14,2798699.0,600.0,Low,0,1,New Jersey2017
New Mexico,27.1,2017,191500.0,236800.0,481700.0,684366.0,1095406.0,55.8,50401.0,92273.6,28.27,609494.0,15.0,Low,0,1,New Mexico2017
New York,36.0,2017,1761000.0,2551200.0,5096700.0,3776092.0,12391366.0,48.0,68021.0,1604649.9,43.19,4563035.0,2890.0,High,2,3,New York2017
North Carolina,31.3,2017,847500.0,1158700.0,2658600.0,2575147.0,5919872.0,61.4,54762.0,548522.1,26.5,3317918.0,154.0,Low,0,1,North Carolina2017
North Dakota,30.7,2017,75100.0,98500.0,171900.0,633995.0,573064.0,44.1,66500.0,55394.7,25.78,276545.0,0.0,Low,0,1,North Dakota2017
Ohio,28.0,2017,987700.0,1331700.0,2860600.0,3616508.0,6987859.0,54.2,67076.0,645636.8,28.96,4605459.0,143.0,Low,0,1,Ohio2017
Oklahoma,25.5,2017,342600.0,463900.0,934700.0,1647508.0,2291797.0,62.5,57343.0,190553.0,24.26,1337624.0,15.0,Low,0,1,Oklahoma2017
Oregon,33.7,2017,343700.0,524300.0,1051600.0,1041344.0,2516089.0,48.2,69077.0,222601.6,25.82,1542461.0,429.0,Low,0,1,Oregon2017
Pennsylvania,31.4,2017,1028600.0,1466600.0,3152500.0,3766880.0,7662469.0,51.5,67736.0,746441.0,29.79,4463267.0,655.0,Low,0,1,Pennsylvania2017
Rhode Island,33.5,2017,94600.0,126200.0,263400.0,182325.0,638895.0,52.4,72285.0,58085.0,48.13,420313.0,23.0,Low,0,1,Rhode Island2017
South Carolina,28.0,2017,418700.0,554800.0,1246100.0,1647778.0,2759106.0,65.6,60278.0,223266.7,29.21,1808401.0,150.0,Low,0,1,South Carolina2017
South Dakota,28.1,2017,72000.0,104100.0,196700.0,394141.0,601277.0,48.1,62905.0,50232.5,29.46,353180.0,0.0,Low,0,1,South Dakota2017
Tennessee,27.3,2017,560900.0,791900.0,1706900.0,2145679.0,4033035.0,61.1,61128.0,350838.7,27.75,2325004.0,0.0,Low,0,1,Tennessee2017
Texas,29.6,2017,2612700.0,3587100.0,7243100.0,13173303.0,17104535.0,67.5,66417.0,1673234.3,24.88,8176879.0,2987.0,High,2,3,Texas2017
Utah,34.6,2017,325400.0,398900.0,736000.0,827453.0,1995293.0,50.2,77135.0,168649.9,25.32,925052.0,256.0,Low,0,1,Utah2017
Vermont,38.3,2017,52500.0,65500.0,151900.0,134076.0,435861.0,45.0,70385.0,32266.1,42.79,221936.0,65.0,Low,0,1,Vermont2017
Virginia,38.7,2017,717900.0,983000.0,2188700.0,2401427.0,5228265.0,57.7,78265.0,511114.9,26.89,3251339.0,912.0,Medium,1,2,Virginia2017
Washington,35.5,2017,628700.0,965900.0,1899400.0,2075340.0,4432281.0,47.9,79071.0,519409.6,23.44,2925765.0,4913.0,High,2,3,Washington2017
West Virginia,20.2,2017,148600.0,178300.0,448700.0,753016.0,888859.0,55.0,51900.0,74820.1,26.4,562984.0,0.0,Low,0,1,West Virginia2017
Wisconsin,30.4,2017,495600.0,643300.0,1441400.0,1817947.0,3679062.0,46.5,70164.0,318310.4,31.54,2092584.0,0.0,Low,0,1,Wisconsin2017
Wyoming,27.6,2017,48500.0,69400.0,133100.0,534840.0,398939.0,43.4,65803.0,36980.7,24.4,193523.0,0.0,Low,0,1,Wyoming2017
Alabama,25.5,2018,419500.0,554400.0,1192600.0,1956413.0,2692095.0,64.0,53879.0,223859.3,28.27,2161212.0,120.0,Low,0,1,Alabama2018
Alaska,30.2,2018,62200.0,93400.0,182800.0,604644.0,454830.0,6.7,74161.0,54899.6,56.8,183270.0,24.0,Low,0,1,Alaska2018
Arizona,29.7,2018,645900.0,841100.0,1702900.0,1542208.0,3854674.0,63.5,67201.0,351879.5,31.8,2391772.0,2665.0,High,2,3,Arizona2018
Arkansas,23.3,2018,255200.0,345400.0,722800.0,1116757.0,1657951.0,61.8,53712.0,127535.7,22.83,921161.0,189.0,Low,0,1,Arkansas2018
California,34.2,2018,3594300.0,5299700.0,10212700.0,7865156.0,24078141.0,60.9,76055.0,2897200.7,48.7,15065827.0,166168.0,High,2,3,California2018
Colorado,41.7,2018,495000.0,771700.0,1471200.0,1527222.0,3857950.0,48.3,78801.0,372212.1,29.41,1798177.0,3406.0,High,2,3,Colorado2018
Connecticut,39.6,2018,291600.0,387100.0,918600.0,756159.0,2314488.0,50.3,78561.0,279923.0,53.97,1306709.0,564.0,Low,0,1,Connecticut2018
Delaware,31.3,2018,76700.0,109700.0,233100.0,300567.0,596999.0,57.1,70145.0,72168.3,31.12,433363.0,87.0,Low,0,1,Delaware2018
District of Columbia,60.4,2018,64400.0,141400.0,179400.0,174538.0,914209.0,60.8,92521.0,139722.5,35.27,209723.0,90.0,Low,0,1,District of Columbia2018
Florida,30.4,2018,1680500.0,2401900.0,5240300.0,4441047.0,12556075.0,72.2,58959.0,1057255.4,30.24,7966091.0,8759.0,High,2,3,Florida2018
Georgia,31.9,2018,901500.0,1262600.0,2743500.0,3003699.0,6287353.0,64.9,60229.0,602366.4,28.19,3557469.0,1564.0,Medium,1,2,Georgia2018
Hawaii,33.5,2018,98400.0,167600.0,340100.0,306342.0,924355.0,78.1,86433.0,90330.8,85.59,509492.0,965.0,Medium,1,2,Hawaii2018
Idaho,27.7,2018,150600.0,203200.0,414500.0,556467.0,1041251.0,45.2,63365.0,77395.4,23.95,598774.0,106.0,Low,0,1,Idaho2018
Illinois,35.1,2018,1103100.0,1543200.0,3251000.0,4017644.0,7880587.0,53.7,75684.0,865661.0,28.33,4477763.0,1456.0,Medium,1,2,Illinois2018
Indiana,27.1,2018,585500.0,762900.0,1648200.0,2806168.0,3963442.0,53.2,64621.0,373196.8,28.68,2248870.0,654.0,Low,0,1,Indiana2018
Iowa,29.0,2018,272000.0,352500.0,747900.0,1633531.0,2076092.0,49.5,74144.0,191516.6,26.13,1242219.0,0.0,Low,0,1,Iowa2018
Kansas,33.8,2018,260300.0,325200.0,688300.0,1136232.0,1925615.0,56.2,68987.0,172343.0,31.68,975171.0,126.0,Low,0,1,Kansas2018
Kentucky,24.8,2018,388100.0,501600.0,1104200.0,1744818.0,2545574.0,56.9,58863.0,208558.6,25.06,1721942.0,87.0,Low,0,1,Kentucky2018
Louisiana,24.3,2018,408800.0,549800.0,1125800.0,4245610.0,2725149.0,67.7,53919.0,256677.8,23.4,1389249.0,176.0,Low,0,1,Louisiana2018
Maine,31.5,2018,93700.0,140400.0,332500.0,388172.0,843772.0,41.8,63295.0,65477.1,39.38,390506.0,23.0,Low,0,1,Maine2018
Maryland,40.8,2018,491800.0,712200.0,1573200.0,1391698.0,3751407.0,56.1,93031.0,410812.2,33.9,1922463.0,876.0,Medium,1,2,Maryland2018
Massachusetts,44.5,2018,581700.0,873100.0,1753300.0,1469311.0,4854641.0,49.0,93163.0,563054.3,54.23,2182530.0,1087.0,Medium,1,2,Massachusetts2018
Michigan,29.6,2018,890600.0,1151100.0,2431200.0,2911393.0,5715006.0,45.9,65222.0,520245.1,33.46,3023940.0,345.0,Low,0,1,Michigan2018
Minnesota,36.7,2018,458400.0,685900.0,1398200.0,1940174.0,3776796.0,42.3,77488.0,372011.3,30.55,1976525.0,234.0,Low,0,1,Minnesota2018
Mississippi,23.2,2018,262100.0,326400.0,717600.0,1105822.0,1602769.0,64.7,46159.0,112201.7,27.28,825338.0,23.0,Low,0,1,Mississippi2018
Missouri,29.5,2018,519900.0,714300.0,1470900.0,1860863.0,3776639.0,56.5,66600.0,318153.5,29.1,2102216.0,342.0,Low,0,1,Missouri2018
Montana,31.7,2018,84500.0,118800.0,247800.0,436316.0,684016.0,43.7,62233.0,50916.9,26.65,452845.0,1366.0,Medium,1,2,Montana2018
Nebraska,32.4,2018,161600.0,224800.0,460200.0,909065.0,1330189.0,50.5,72911.0,127015.5,26.45,683020.0,128.0,Low,0,1,Nebraska2018
Nevada,24.9,2018,251100.0,386200.0,791200.0,776588.0,1848916.0,53.0,66749.0,170257.6,25.42,1073760.0,634.0,Low,0,1,Nevada2018
New Hampshire,36.8,2018,106400.0,146700.0,341300.0,325655.0,892528.0,44.3,87769.0,83869.8,49.87,506959.0,243.0,Low,0,1,New Hampshire2018
New Jersey,40.8,2018,725800.0,1002400.0,2365900.0,2194123.0,5550060.0,54.0,80033.0,614106.5,38.86,2754253.0,1500.0,Medium,1,2,New Jersey2018
New Mexico,27.7,2018,186400.0,239200.0,484500.0,703100.0,1110504.0,56.4,52096.0,97268.0,27.57,655766.0,65.0,Low,0,1,New Mexico2018
New York,37.2,2018,1648400.0,2552500.0,4945500.0,3946032.0,12655225.0,46.2,72586.0,1697661.4,43.46,4712779.0,8756.0,High,2,3,New York2018
North Carolina,31.9,2018,848600.0,1179600.0,2653900.0,2685032.0,6056339.0,60.2,57583.0,567836.2,27.12,3393781.0,1645.0,Medium,1,2,North Carolina2018
North Dakota,29.7,2018,78600.0,99300.0,170000.0,663153.0,578348.0,42.1,71756.0,59248.7,26.16,240048.0,0.0,Low,0,1,North Dakota2018
Ohio,29.0,2018,973600.0,1345900.0,2850100.0,3762435.0,7066978.0,52.4,66500.0,667115.6,29.24,4603594.0,1432.0,Medium,1,2,Ohio2018
Oklahoma,25.6,2018,333200.0,479300.0,932800.0,1715294.0,2311450.0,61.4,58732.0,202712.5,23.91,1296219.0,354.0,Low,0,1,Oklahoma2018
Oregon,34.0,2018,347300.0,531100.0,1066100.0,1021526.0,2569916.0,48.9,74626.0,237113.7,25.93,1488623.0,779.0,Low,0,1,Oregon2018
Pennsylvania,31.8,2018,1027000.0,1475100.0,3119700.0,3933425.0,7763334.0,49.9,69619.0,773977.4,29.7,4424183.0,1276.0,Medium,1,2,Pennsylvania2018
Rhode Island,34.4,2018,92700.0,128900.0,262200.0,195556.0,648735.0,51.0,67183.0,59290.8,53.05,412255.0,126.0,Low,0,1,Rhode Island2018
South Carolina,28.3,2018,423000.0,558000.0,1243300.0,1675118.0,2843412.0,64.2,61980.0,233251.4,28.33,1830186.0,180.0,Low,0,1,South Carolina2018
South Dakota,29.2,2018,77100.0,96400.0,200300.0,406677.0,610237.0,46.9,64158.0,52299.3,29.21,358859.0,20.0,Low,0,1,South Dakota2018
Tennessee,27.5,2018,571500.0,788700.0,1709100.0,2233190.0,4119492.0,59.0,60487.0,363055.5,28.15,2285329.0,345.0,Low,0,1,Tennessee2018
Texas,30.3,2018,2642800.0,3631000.0,7333600.0,14009870.0,17607238.0,66.7,64506.0,1809396.7,25.16,8248322.0,5674.0,High,2,3,Texas2018
Utah,34.9,2018,337300.0,403600.0,756700.0,844319.0,2069735.0,51.3,83152.0,184457.5,24.16,937421.0,487.0,Low,0,1,Utah2018
Vermont,38.7,2018,48400.0,68700.0,151600.0,138642.0,437638.0,43.1,75599.0,33066.8,44.35,218302.0,121.0,Low,0,1,Vermont2018
Virginia,39.3,2018,702300.0,997000.0,2167600.0,2501044.0,5297964.0,56.6,83243.0,532906.5,27.79,3267735.0,3289.0,High,2,3,Virginia2018
Washington,36.7,2018,622000.0,1023700.0,1913600.0,2054390.0,4537723.0,47.7,86021.0,564313.9,23.63,2964939.0,5664.0,High,2,3,Washington2018
West Virginia,21.3,2018,143300.0,184300.0,443100.0,831311.0,897857.0,53.1,54566.0,79192.9,25.55,560118.0,100.0,Low,0,1,West Virginia2018
Wisconsin,30.0,2018,489400.0,644200.0,1446800.0,1896601.0,3720945.0,44.4,67574.0,332498.6,31.02,2087518.0,6366.0,High,2,3,Wisconsin2018
Wyoming,26.9,2018,46600.0,67500.0,136700.0,557604.0,404561.0,43.9,67477.0,39171.7,23.87,203546.0,11.0,Low,0,1,Wyoming2018
Alabama,26.3,2019,414500.0,549500.0,1195300.0,1926332.0,2712163.0,65.0,59558.0,231561.9,28.85,2109108.0,540.0,Low,0,1,Alabama2019
Alaska,30.2,2019,65300.0,97500.0,172900.0,605689.0,454785.0,7.5,83079.0,54728.2,59.36,178516.0,42.0,Low,0,1,Alaska2019
Arizona,30.2,2019,656800.0,860500.0,1708100.0,1556416.0,3929985.0,61.8,74897.0,372393.5,30.83,2405958.0,5443.0,High,2,3,Arizona2019
Arkansas,23.3,2019,253500.0,335600.0,723700.0,1096477.0,1664214.0,61.6,57799.0,131578.3,24.11,886646.0,287.0,Low,0,1,Arkansas2019
California,35.0,2019,3539800.0,5288800.0,10152200.0,7790111.0,24227775.0,59.9,82772.0,3042694.1,49.6,14894912.0,0.0,Low,0,1,California2019
Colorado,42.7,2019,498900.0,792000.0,1488600.0,1566652.0,3895377.0,46.9,76832.0,394534.7,29.87,1741218.0,4752.0,High,2,3,Colorado2019
Connecticut,39.8,2019,297800.0,390500.0,895300.0,735517.0,2298065.0,50.9,92507.0,288536.3,54.68,1260953.0,1254.0,Medium,1,2,Connecticut2019
Delaware,33.2,2019,75900.0,111000.0,227200.0,298616.0,602812.0,57.4,78628.0,76923.7,31.05,423462.0,254.0,Low,0,1,Delaware2019
District of Columbia,59.7,2019,60600.0,144700.0,180800.0,167397.0,915189.0,59.8,98675.0,143990.8,35.97,203770.0,322.0,Low,0,1,District of Columbia2019
Florida,30.7,2019,1680200.0,2399400.0,5236000.0,4371666.0,12761585.0,72.6,61856.0,1111392.2,30.61,7841189.0,11856.0,High,2,3,Florida2019
Georgia,32.5,2019,917200.0,1252700.0,2744000.0,2955875.0,6399395.0,65.6,60012.0,637992.5,28.91,3499520.0,4676.0,High,2,3,Georgia2019
Hawaii,33.6,2019,96200.0,155600.0,342900.0,307764.0,914163.0,80.9,93265.0,91912.7,84.23,498991.0,1009.0,Medium,1,2,Hawaii2019
Idaho,28.7,2019,148300.0,210100.0,423000.0,565998.0,1064118.0,44.2,69932.0,82847.2,23.12,602170.0,234.0,Low,0,1,Idaho2019
Illinois,35.8,2019,1070400.0,1556300.0,3193400.0,3951620.0,7859703.0,52.6,78845.0,889540.1,28.25,4322849.0,4325.0,High,2,3,Illinois2019
Indiana,26.9,2019,593300.0,771600.0,1628100.0,2779091.0,3970076.0,52.8,70679.0,381132.3,29.14,2185979.0,1287.0,Medium,1,2,Indiana2019
Iowa,29.3,2019,272600.0,349600.0,743900.0,1645247.0,2071092.0,47.6,70002.0,195708.7,26.62,1221843.0,0.0,Low,0,1,Iowa2019
Kansas,34.0,2019,257400.0,324900.0,678500.0,1129559.0,1924539.0,54.7,77523.0,176564.4,30.33,947147.0,547.0,Low,0,1,Kansas2019
Kentucky,25.1,2019,383900.0,491400.0,1096100.0,1723238.0,2550230.0,57.4,58989.0,218494.7,25.33,1669167.0,463.0,Low,0,1,Kentucky2019
Louisiana,25.0,2019,393800.0,552100.0,1113600.0,4282045.0,2717896.0,68.2,54797.0,255481.9,23.4,1349719.0,287.0,Low,0,1,Louisiana2019
Maine,33.2,2019,97100.0,142900.0,328000.0,384261.0,842473.0,41.7,70523.0,68690.4,41.14,373868.0,154.0,Low,0,1,Maine2019
Maryland,40.9,2019,474900.0,720900.0,1559300.0,1355227.0,3743604.0,56.2,101283.0,420371.3,32.93,1868994.0,2908.0,High,2,3,Maryland2019
Massachusetts,45.0,2019,581200.0,875600.0,1730600.0,1464995.0,4872989.0,49.6,92949.0,589904.3,53.92,2088673.0,2776.0,High,2,3,Massachusetts2019
Michigan,30.0,2019,884100.0,1151600.0,2398300.0,2880159.0,5713882.0,44.8,67951.0,532217.0,33.93,2831498.0,1654.0,Medium,1,2,Michigan2019
Minnesota,37.3,2019,451900.0,690600.0,1387600.0,1900531.0,3783623.0,40.3,86292.0,383956.6,30.43,1836830.0,543.0,Low,0,1,Minnesota2019
Mississippi,22.3,2019,254000.0,315500.0,719900.0,1093230.0,1607696.0,65.3,47463.0,114234.4,27.39,806061.0,54.0,Low,0,1,Mississippi2019
Missouri,30.2,2019,504400.0,721400.0,1462200.0,1805708.0,3779850.0,55.4,64218.0,332485.8,28.38,2052788.0,1243.0,Medium,1,2,Missouri2019
Montana,33.6,2019,88300.0,118100.0,245200.0,445912.0,686459.0,41.5,63792.0,51925.4,27.19,439118.0,414.0,Low,0,1,Montana2019
Nebraska,33.2,2019,164300.0,229300.0,448800.0,907219.0,1328812.0,48.5,77437.0,131866.9,26.62,661863.0,483.0,Low,0,1,Nebraska2019
Nevada,25.7,2019,250700.0,396800.0,795100.0,779141.0,1884215.0,51.6,75143.0,182186.3,25.73,1060188.0,1967.0,Medium,1,2,Nevada2019
New Hampshire,37.6,2019,102700.0,150800.0,339100.0,319667.0,890110.0,44.4,92093.0,87338.2,50.28,489223.0,647.0,Low,0,1,New Hampshire2019
New Jersey,41.2,2019,711700.0,1015000.0,2321300.0,2098952.0,5571414.0,54.4,92969.0,637630.4,39.43,2639261.0,3220.0,High,2,3,New Jersey2019
New Mexico,27.7,2019,183500.0,238100.0,485800.0,738484.0,1116979.0,55.4,56287.0,102027.5,26.48,641837.0,232.0,Low,0,1,New Mexico2019
New York,37.8,2019,1632400.0,2537700.0,4850700.0,3841948.0,12746559.0,46.2,76149.0,1787666.0,42.04,4444391.0,14576.0,High,2,3,New York2019
North Carolina,32.3,2019,870500.0,1192200.0,2635400.0,2656262.0,6149574.0,60.9,64814.0,594521.0,27.7,3434565.0,2435.0,High,2,3,North Carolina2019
North Dakota,30.4,2019,74500.0,100400.0,169900.0,683875.0,581826.0,39.6,74216.0,59199.2,25.98,228880.0,20.0,Low,0,1,North Dakota2019
Ohio,29.3,2019,964100.0,1355100.0,2819400.0,3637669.0,7072285.0,52.4,68527.0,697166.8,28.19,4423248.0,2343.0,High,2,3,Ohio2019
Oklahoma,26.2,2019,349100.0,471600.0,927700.0,1684997.0,2309852.0,60.3,62946.0,204192.5,23.24,1255133.0,756.0,Low,0,1,Oklahoma2019
Oregon,34.5,2019,347500.0,529800.0,1078300.0,1027578.0,2578253.0,48.3,78860.0,247233.1,25.81,1424799.0,3021.0,High,2,3,Oregon2019
Pennsylvania,32.3,2019,976800.0,1520200.0,3071300.0,3818814.0,7773246.0,50.0,74800.0,799888.8,28.84,4267810.0,4365.0,High,2,3,Pennsylvania2019
Rhode Island,34.8,2019,89100.0,129300.0,256900.0,190581.0,651037.0,51.7,74344.0,61642.8,54.18,396508.0,235.0,Low,0,1,Rhode Island2019
South Carolina,29.6,2019,409100.0,578700.0,1241500.0,1640751.0,2882340.0,64.8,65735.0,245987.2,29.36,1801243.0,1764.0,Medium,1,2,South Carolina2019
South Dakota,29.7,2019,70100.0,98100.0,199900.0,405954.0,610900.0,44.1,68095.0,54001.3,29.18,342868.0,100.0,Low,0,1,South Dakota2019
Tennessee,28.7,2019,574000.0,820300.0,1687000.0,2171765.0,4168951.0,59.6,60011.0,380128.5,28.48,2185228.0,2091.0,High,2,3,Tennessee2019
Texas,30.8,2019,2647900.0,3687100.0,7375600.0,14234096.0,17902900.0,66.3,71474.0,1858757.8,25.51,8313622.0,11980.0,High,2,3,Texas2019
Utah,34.8,2019,342700.0,414800.0,764200.0,855124.0,2103036.0,49.9,89574.0,196538.9,24.25,921645.0,1997.0,Medium,1,2,Utah2019
Vermont,38.7,2019,51200.0,66400.0,147900.0,136905.0,433602.0,43.1,78746.0,34230.8,45.02,206621.0,365.0,Low,0,1,Vermont2019
Virginia,39.6,2019,684600.0,981000.0,2165300.0,2460902.0,5329887.0,56.9,86172.0,557764.4,27.89,3187026.0,6574.0,High,2,3,Virginia2019
Washington,37.0,2019,619900.0,1028200.0,1926900.0,2078663.0,4589563.0,48.0,87381.0,595231.8,23.76,2943913.0,8557.0,High,2,3,Washington2019
West Virginia,21.1,2019,140600.0,182300.0,437000.0,829454.0,881598.0,53.7,56916.0,79325.6,24.89,536646.0,200.0,Low,0,1,West Virginia2019
Wisconsin,31.3,2019,483000.0,658400.0,1423000.0,1847846.0,3719288.0,43.0,71380.0,345236.4,31.23,2004001.0,4211.0,High,2,3,Wisconsin2019
Wyoming,29.1,2019,46800.0,65800.0,136100.0,546671.0,408235.0,42.2,69027.0,39428.0,23.91,196219.0,57.0,Low,0,1,Wyoming2019
Alabama,27.8,2020,425300.0,545700.0,1271600.0,1838656.0,2671253.0,65.6,57243.0,230892.1,28.89,2035376.0,923.0,Medium,1,2,Alabama2020
Alaska,31.9,2020,63600.0,95800.0,175900.0,640132.0,430824.0,-6.4,78236.0,50475.2,58.22,171144.0,105.0,Low,0,1,Alaska2020
Arizona,33.0,2020,755900.0,876500.0,1773700.0,1508154.0,3920036.0,60.4,70220.0,382072.3,30.59,2410018.0,8002.0,High,2,3,Arizona2020
Arkansas,24.9,2020,280900.0,323600.0,702000.0,1034661.0,1640442.0,61.5,53148.0,133969.1,24.43,872437.0,576.0,Low,0,1,Arkansas2020
California,36.9,2020,3768300.0,5259800.0,10153600.0,6922764.0,23155486.0,58.3,81278.0,3020173.4,52.86,14201400.0,0.0,Low,0,1,California2020
Colorado,44.2,2020,557100.0,792300.0,1521900.0,1451112.0,3821923.0,45.4,87689.0,391263.3,30.16,1639028.0,6850.0,High,2,3,Colorado2020
Connecticut,42.4,2020,294000.0,437800.0,814200.0,667011.0,2217497.0,50.2,83141.0,276223.3,56.08,1211171.0,3098.0,High,2,3,Connecticut2020
Delaware,34.7,2020,88500.0,116500.0,224200.0,277144.0,592045.0,57.9,73292.0,75818.6,30.34,415915.0,785.0,Low,0,1,Delaware2020
District of Columbia,63.6,2020,79000.0,149800.0,197500.0,143773.0,865878.0,60.6,92337.0,144720.0,34.87,210297.0,987.0,Medium,1,2,District of Columbia2020
Florida,33.7,2020,1598200.0,2641300.0,5285500.0,4003133.0,12720098.0,73.5,60460.0,1116726.8,29.49,7841553.0,19786.0,High,2,3,Florida2020
Georgia,34.8,2020,958400.0,1343100.0,2905200.0,2727565.0,6326942.0,66.5,62033.0,625425.7,29.09,3495421.0,9478.0,High,2,3,Georgia2020
Hawaii,35.5,2020,104100.0,167700.0,336600.0,232516.0,817748.0,79.1,84600.0,82535.5,80.78,474979.0,3887.0,High,2,3,Hawaii2020
Idaho,30.9,2020,187400.0,221700.0,437900.0,550098.0,1078122.0,43.1,69841.0,85927.8,23.4,588362.0,675.0,Low,0,1,Idaho2020
Illinois,37.6,2020,1180300.0,1506700.0,3150300.0,3612925.0,7519502.0,52.6,77805.0,856942.9,28.79,4161655.0,9574.0,High,2,3,Illinois2020
Indiana,28.9,2020,622100.0,689600.0,1691600.0,2564421.0,3843507.0,53.0,69925.0,373781.6,29.19,2123748.0,2176.0,High,2,3,Indiana2020
Iowa,29.5,2020,283300.0,388000.0,765100.0,1526087.0,2010409.0,47.2,72030.0,196982.9,26.29,1163751.0,0.0,Low,0,1,Iowa2020
Kansas,35.1,2020,254000.0,382600.0,724100.0,1069542.0,1879086.0,54.0,76495.0,177580.9,30.68,889083.0,1176.0,Medium,1,2,Kansas2020
Kentucky,27.4,2020,360600.0,590300.0,1023100.0,1595472.0,2472056.0,57.9,59405.0,216865.6,25.27,1644497.0,763.0,Low,0,1,Kentucky2020
Louisiana,27.2,2020,405900.0,550100.0,1103700.0,4200360.0,2593066.0,68.0,53576.0,232527.8,22.84,1315691.0,856.0,Medium,1,2,Louisiana2020
Maine,33.5,2020,89100.0,158100.0,338900.0,365101.0,813207.0,41.2,66667.0,70740.0,39.7,356079.0,398.0,Low,0,1,Maine2020
Maryland,43.1,2020,505700.0,701000.0,1468600.0,1212643.0,3620521.0,57.0,99215.0,410931.0,32.68,1823553.0,4387.0,High,2,3,Maryland2020
Massachusetts,46.9,2020,584100.0,917600.0,1753100.0,1278411.0,4600345.0,49.0,91912.0,585150.3,53.32,2003373.0,6098.0,High,2,3,Massachusetts2020
Michigan,32.1,2020,903700.0,1202200.0,2305400.0,2610581.0,5388167.0,44.8,67399.0,520105.3,35.85,2691704.0,3804.0,High,2,3,Michigan2020
Minnesota,37.9,2020,521200.0,649100.0,1407500.0,1731499.0,3608149.0,39.9,82431.0,376814.4,31.15,1841690.0,1543.0,Medium,1,2,Minnesota2020
Mississippi,24.5,2020,235900.0,371700.0,738700.0,1037261.0,1573592.0,65.5,47242.0,115123.4,26.97,788425.0,152.0,Low,0,1,Mississippi2020
Missouri,31.9,2020,538100.0,676400.0,1469500.0,1702136.0,3693351.0,55.3,65081.0,330249.9,28.24,1991376.0,2054.0,High,2,3,Missouri2020
Montana,34.6,2020,79600.0,132000.0,249500.0,429327.0,684333.0,39.8,59390.0,52355.8,27.66,459081.0,1323.0,Medium,1,2,Montana2020
Nebraska,33.3,2020,203100.0,238000.0,475900.0,863654.0,1305987.0,47.6,75622.0,134580.8,26.3,624907.0,846.0,Medium,1,2,Nebraska2020
Nevada,28.0,2020,278500.0,401300.0,820800.0,710083.0,1770936.0,50.0,64020.0,172562.6,24.43,1027503.0,3878.0,High,2,3,Nevada2020
New Hampshire,40.2,2020,96700.0,180300.0,322100.0,295548.0,858502.0,43.8,93045.0,88337.7,48.75,460825.0,968.0,Medium,1,2,New Hampshire2020
New Jersey,43.1,2020,630000.0,1013100.0,2457500.0,1893854.0,5319600.0,54.8,89543.0,620085.9,40.07,2541125.0,7588.0,High,2,3,New Jersey2020
New Mexico,30.1,2020,194500.0,240900.0,469600.0,699738.0,1069680.0,54.6,53283.0,98790.0,27.49,623955.0,765.0,Low,0,1,New Mexico2020
New York,39.5,2020,1727000.0,2444500.0,4506700.0,3354222.0,11872381.0,45.9,71865.0,1740804.7,43.57,4232748.0,20938.0,High,2,3,New York2020
North Carolina,34.8,2020,1023000.0,1270300.0,2661100.0,2470897.0,6055314.0,61.7,63252.0,598915.9,27.63,3398470.0,8756.0,High,2,3,North Carolina2020
North Dakota,31.8,2020,78000.0,103000.0,165100.0,625886.0,560682.0,38.3,67109.0,54422.9,25.04,215654.0,200.0,Low,0,1,North Dakota2020
Ohio,30.6,2020,1092500.0,1447900.0,2519200.0,3404480.0,6853595.0,53.0,63198.0,684382.5,27.79,4247843.0,6547.0,High,2,3,Ohio2020
Oklahoma,27.0,2020,375800.0,432000.0,983800.0,1579183.0,2263126.0,60.2,54921.0,190063.6,22.6,1223848.0,1286.0,Medium,1,2,Oklahoma2020
Oregon,36.3,2020,377800.0,551900.0,1101700.0,982979.0,2493784.0,47.1,80443.0,247966.7,25.86,1440848.0,4356.0,High,2,3,Oregon2020
Pennsylvania,34.0,2020,1110500.0,1590400.0,2948800.0,3412995.0,7413333.0,50.4,74094.0,771613.2,28.46,4043715.0,7345.0,High,2,3,Pennsylvania2020
Rhode Island,38.0,2020,79800.0,135700.0,288700.0,175780.0,615726.0,51.2,83918.0,60770.6,54.34,381767.0,875.0,Medium,1,2,Rhode Island2020
South Carolina,31.7,2020,444900.0,617600.0,1298700.0,1533340.0,2825222.0,65.3,63159.0,245359.5,29.01,1767348.0,1934.0,Medium,1,2,South Carolina2020
South Dakota,28.4,2020,69800.0,106900.0,207600.0,396626.0,606699.0,42.5,73467.0,55681.2,29.48,325001.0,290.0,Low,0,1,South Dakota2020
Tennessee,30.7,2020,606600.0,823400.0,1824700.0,2039089.0,4121399.0,60.1,57542.0,379007.1,27.98,2115632.0,5437.0,High,2,3,Tennessee2020
Texas,33.2,2020,2778800.0,3740800.0,7380400.0,13480760.0,17706662.0,66.2,71599.0,1789933.4,24.81,8088058.0,15432.0,High,2,3,Texas2020
Utah,36.9,2020,346300.0,408000.0,794300.0,829039.0,2135409.0,48.0,87915.0,202133.4,24.35,902723.0,4876.0,High,2,3,Utah2020
Vermont,42.1,2020,40100.0,78300.0,151600.0,125702.0,409390.0,42.6,70398.0,34018.6,47.86,193407.0,867.0,Medium,1,2,Vermont2020
Virginia,42.0,2020,750400.0,1050000.0,2265800.0,2273099.0,5224997.0,57.8,86053.0,556992.6,26.84,3057254.0,10343.0,High,2,3,Virginia2020
Washington,38.4,2020,657500.0,1075600.0,2039500.0,1779399.0,4436065.0,46.5,85157.0,612969.1,24.61,2800370.0,14099.0,High,2,3,Washington2020
West Virginia,23.1,2020,133200.0,199100.0,445800.0,803921.0,841019.0,54.6,54396.0,76547.9,25.65,508663.0,300.0,Low,0,1,West Virginia2020
Wisconsin,31.8,2020,400700.0,805500.0,1437900.0,1708131.0,3582636.0,42.8,70553.0,340591.1,31.72,1901497.0,5166.0,High,2,3,Wisconsin2020
Wyoming,28.2,2020,49000.0,73500.0,127900.0,504390.0,401871.0,40.4,68506.0,36330.4,24.41,191332.0,104.0,Low,0,1,Wyoming2020
