State,Percentage_pop_with_bachelors,Year,Av_temperature,Median_income,Elec_price,Key,perc_of_tot,Gdp_per_working_pop,Energy_per_working_pop,num_jobs_per_working_pop,charging_ports_per_w_pop,label
Alabama,22.0,2008,64.1,56105.0,25.48,Alabama2008,0.0,0.07882494015627117,0.9046474865633892,1.1664292489047468,1.1664292489047468,0
Alaska,27.3,2008,0.4,80720.0,43.21,Alaska2008,0.0,0.16066015738851647,1.8959487030020403,1.2927368114252404,1.2927368114252404,0
Arizona,25.1,2008,61.7,59180.0,26.71,Arizona2008,0.0,0.08575538160469667,0.4780052185257665,1.1098525766470972,1.1098525766470972,0
Arkansas,18.8,2008,61.7,49936.0,22.47,Arkansas2008,0.0,0.07506346457878492,0.835812692915757,1.1889505382820147,1.1889505382820147,0
California,29.6,2008,58.9,71921.0,36.69,California2008,0.00011546724977293115,0.10521876487902004,0.43693627450980393,1.1175113621607584,1.1175113621607584,0
Colorado,35.6,2008,46.3,76877.0,25.25,Colorado2008,0.0,0.10239772952019303,0.5883786242632807,1.2859843360626557,1.2859843360626557,0
Connecticut,35.6,2008,49.4,81594.0,52.16,Connecticut2008,0.0,0.14176018985464253,0.45957045387125484,1.3385007416196975,1.3385007416196975,0
Delaware,27.5,2008,56.0,63959.0,36.35,Delaware2008,0.0,0.13500438169425513,0.709608081791626,1.3264629990262902,1.3264629990262902,0
District of Columbia,48.2,2008,59.2,70125.0,38.61,District of Columbia2008,0.0,0.31920596727622713,0.590651267244145,2.5502470324029516,2.5502470324029516,0
Florida,25.8,2008,71.5,56585.0,31.48,Florida2008,0.0,0.09005597961374656,0.5031519648903413,1.211554451824499,1.211554451824499,0
Georgia,27.5,2008,64.4,58314.0,25.91,Georgia2008,0.0,0.08673268481679755,0.6137767408919532,1.1354358739350512,1.1354358739350512,0
Hawaii,29.1,2008,76.9,77606.0,85.78,Hawaii2008,0.0,0.10960981308411215,0.4617056074766355,1.4325801068090789,1.4325801068090789,0
Idaho,24.0,2008,44.7,59818.0,16.69,Idaho2008,0.0,0.0781109103544128,0.7467658095899931,1.2801848505906879,1.2801848505906879,0
Illinois,29.9,2008,53.4,67178.0,27.1,Illinois2008,0.0,0.1025353579651354,0.6396485347784547,1.1829935627359156,1.1829935627359156,0
Indiana,22.9,2008,52.9,58683.0,20.84,Indiana2008,0.0,0.08975201954397395,0.9502094462540717,1.1996517915309446,1.1996517915309446,0
Iowa,24.3,2008,48.5,63252.0,20.2,Iowa2008,0.0,0.09717994913098771,1.0186406669492722,1.4113430832273561,1.4113430832273561,0
Kansas,29.6,2008,55.3,60395.0,21.89,Kansas2008,0.0,0.0962246913580247,0.8376618032173587,1.3902499064721288,1.3902499064721288,0
Kentucky,19.7,2008,57.3,51907.0,18.41,Kentucky2008,0.0,0.07721989857522336,0.9698555904370925,1.1603916928278193,1.1603916928278193,0
Louisiana,20.3,2008,67.3,49907.0,27.81,Louisiana2008,0.0,0.10035550935550935,1.9977731052731054,1.2052712152712153,1.2052712152712153,0
Maine,25.4,2008,40.8,59576.0,40.44,Maine2008,0.0,0.08103739213806327,0.72762543943752,1.3159427932246723,1.3159427932246723,0
Maryland,35.2,2008,55.5,80369.0,38.12,Maryland2008,0.0,0.10607972133443459,0.5266355442237943,1.2320472582324846,1.2320472582324846,0
Massachusetts,38.1,2008,48.2,76091.0,47.58,Massachusetts2008,0.0,0.1211077571512691,0.4449874484767719,1.3064954907490625,1.3064954907490625,0
Michigan,24.7,2008,46.0,62806.0,26.24,Michigan2008,0.0,0.08050413427634699,0.6011462564694723,1.1006132338082768,1.1006132338082768,0
Minnesota,31.5,2008,41.9,69286.0,22.89,Minnesota2008,0.0,0.10280267558528428,0.735499173490178,1.3556679352631376,1.3556679352631376,0
Mississippi,19.4,2008,64.7,45975.0,26.59,Mississippi2008,0.0,0.06909459755830105,0.8524460852401491,1.12393522918342,1.12393522918342,0
Missouri,25.0,2008,56.1,58075.0,20.04,Missouri2008,0.0,0.08939294134205988,0.6857658608677293,1.275770435272177,1.275770435272177,0
Montana,27.1,2008,43.7,54117.0,22.72,Montana2008,0.0010645177601481808,0.08261185086551265,1.0134709276520195,1.4118308921438083,1.4118308921438083,0
Nebraska,27.1,2008,49.9,63991.0,19.27,Nebraska2008,0.0,0.10173220862540097,0.9457799691101343,1.4700784127361293,1.4700784127361293,0
Nevada,21.9,2008,51.5,69057.0,29.1,Nevada2008,0.0,0.1019192352711666,0.5440421381193913,1.2633741708934842,1.2633741708934842,0
New Hampshire,33.3,2008,43.1,83478.0,42.89,New Hampshire2008,0.0,0.09486500615006149,0.46351476014760146,1.298988314883149,1.298988314883149,0
New Jersey,34.4,2008,53.4,82381.0,42.31,New Jersey2008,0.0,0.11541241045678668,0.6033877570006512,1.1916969020373989,1.1916969020373989,0
New Mexico,24.7,2008,54.4,53110.0,24.65,New Mexico2008,0.0,0.09066309816936087,0.7255283160261214,1.1834353923562788,1.1834353923562788,0
New York,31.9,2008,45.7,63655.0,48.27,New York2008,0.0,0.11556041977148535,0.4010268670309654,1.1588941670806425,1.1588941670806425,0
North Carolina,26.1,2008,60.1,54155.0,23.34,North Carolina2008,0.0,0.09448243654822336,0.6088162436548223,1.2213391990975748,1.2213391990975748,0
North Dakota,26.9,2008,41.4,62608.0,19.63,North Dakota2008,0.0,0.10447197640117994,1.45656178302196,1.612251720747296,1.612251720747296,0
Ohio,24.1,2008,51.9,59205.0,24.67,Ohio2008,0.0,0.09035719610873716,0.7272944813164833,1.222873897627057,1.222873897627057,0
Oklahoma,22.2,2008,60.3,58167.0,22.93,Oklahoma2008,0.0,0.09450017634610863,0.9301975076416648,1.2853009640253938,1.2853009640253938,0
Oregon,28.1,2008,47.6,65252.0,21.22,Oregon2008,0.0005467509665531931,0.08911996109369934,0.5658710688425376,1.2366902626175293,1.2366902626175293,0
Pennsylvania,26.3,2008,49.3,64842.0,27.44,Pennsylvania2008,0.0,0.10006033998672724,0.6708438409311348,1.2385536100192285,1.2385536100192285,0
Rhode Island,30.0,2008,50.2,67161.0,47.0,Rhode Island2008,0.0,0.09156982374588418,0.3763742010459035,1.1793627735812513,1.1793627735812513,0
South Carolina,23.7,2008,63.9,53177.0,23.02,South Carolina2008,0.0,0.0780819476868836,0.7802682357425318,1.1779613130687503,1.1779613130687503,0
South Dakota,25.1,2008,46.5,65091.0,20.93,South Dakota2008,0.0,0.10047488333790831,0.9704391984628054,1.539958825144112,1.539958825144112,0
Tennessee,22.9,2008,59.6,50083.0,24.03,Tennessee2008,0.0,0.08433969149112622,0.7576453806601426,1.2197949908774257,1.2197949908774257,0
Texas,25.3,2008,65.1,58645.0,32.42,Texas2008,0.0,0.1041957226237031,0.9432151500180038,1.202986208224822,1.202986208224822,0
Utah,29.1,2008,49.9,78888.0,19.12,Utah2008,0.0,0.08745999402895954,0.5732467532467532,1.2600014927601135,1.2600014927601135,0
Vermont,32.1,2008,42.3,63964.0,36.14,Vermont2008,0.0,0.08609039735099337,0.48471523178807946,1.4048675496688743,1.4048675496688743,0
Virginia,33.7,2008,56.5,78192.0,23.5,Virginia2008,0.0,0.10797750440305279,0.6789296578961413,1.2996784437209798,1.2996784437209798,0
Washington,30.7,2008,46.7,71438.0,19.28,Washington2008,0.0,0.10985357773167785,0.6322438616589776,1.2245443849273927,1.2245443849273927,0
West Virginia,17.1,2008,52.9,47928.0,16.52,West Virginia2008,0.0,0.07293485342019544,0.903013029315961,1.0683643555141926,1.0683643555141926,0
Wisconsin,25.7,2008,44.3,64587.0,26.47,Wisconsin2008,0.0,0.08964641144849629,0.6883328490483801,1.2977342728461427,1.2977342728461427,0
Wyoming,23.6,2008,43.3,67283.0,16.73,Wyoming2008,0.0,0.1680506279434851,2.112947409733124,1.5658124018838304,1.5658124018838304,0
Alabama,22.0,2009,63.1,50609.0,26.23,Alabama2009,0.0,0.0769473755289457,0.8103430269199604,1.1161911407220673,1.1161911407220673,0
Alaska,26.6,2009,-0.2,77982.0,44.29,Alaska2009,0.0,0.14505749128919862,1.8570180023228804,1.2846893147502905,1.2846893147502905,0
Arizona,25.6,2009,61.1,57899.0,28.01,Arizona2009,0.0,0.07891132957602151,0.44193159984629177,1.0338455872934547,1.0338455872934547,0
Arkansas,18.9,2009,59.8,46252.0,22.39,Arkansas2009,0.0,0.07281070788530467,0.7777904719235365,1.1521385902031063,1.1521385902031063,0
California,29.9,2009,59.4,71058.0,38.89,California2009,0.00038051679889041304,0.10234096040456324,0.4209842820247654,1.0740866194170868,1.0740866194170868,0
Colorado,35.9,2009,45.6,70800.0,24.44,Colorado2009,0.0,0.09923672776109971,0.5788809448570075,1.2499707694738504,1.2499707694738504,0
Connecticut,35.6,2009,49.0,82092.0,52.96,Connecticut2009,0.0,0.1383201114668564,0.4544497806237401,1.302123206450848,1.302123206450848,0
Delaware,28.7,2009,55.8,65969.0,35.77,Delaware2009,0.0,0.13846266156055528,0.6210172331258975,1.2580995691718526,1.2580995691718526,0
District of Columbia,48.5,2009,57.4,67269.0,38.79,District of Columbia2009,0.0,0.31586792452830187,0.5864339622641509,2.502867924528302,2.502867924528302,0
Florida,25.3,2009,70.7,57763.0,33.68,Florida2009,0.0,0.08567645653972063,0.4794296165989026,1.1465781655929261,1.1465781655929261,0
Georgia,27.5,2009,63.6,54862.0,25.81,Georgia2009,0.0,0.08517880464168365,0.6059786632283825,1.0911745622426485,1.0911745622426485,0
Hawaii,29.6,2009,77.1,70444.0,62.36,Hawaii2009,0.0,0.10909193848233902,0.4663309109345952,1.402563799222579,1.402563799222579,0
Idaho,23.9,2009,43.0,59215.0,19.07,Idaho2009,0.0,0.07498488210818308,0.696990291262136,1.2211927877947295,1.2211927877947295,0
Illinois,30.6,2009,50.4,66926.0,26.88,Illinois2009,0.0,0.1022616720955483,0.6072850870981448,1.1493990464051362,1.1493990464051362,0
Indiana,22.5,2009,50.5,56084.0,22.41,Indiana2009,0.0,0.08563751666720869,0.8822800741487528,1.1457341702169177,1.1457341702169177,0
Iowa,25.1,2009,45.6,64206.0,21.59,Iowa2009,0.0,0.09791474143480439,1.0360639439238968,1.4012888920678064,1.4012888920678064,0
Kansas,29.5,2009,53.7,56606.0,23.43,Kansas2009,0.0,0.0936837817638266,0.8133266068759343,1.3551449925261585,1.3551449925261585,0
Kentucky,21.0,2009,55.1,54007.0,19.19,Kentucky2009,0.0,0.07588656515034695,0.9302823824209715,1.1204939282960678,1.1204939282960678,0
Louisiana,21.4,2009,66.8,57512.0,20.88,Louisiana2009,0.0,0.09494342507645259,1.8698452414048745,1.172251413214716,1.172251413214716,0
Maine,26.9,2009,40.7,60131.0,38.47,Maine2009,0.0,0.08267108667529108,0.6680158473479948,1.2944712160413971,1.2944712160413971,0
Maryland,35.7,2009,54.8,81251.0,38.37,Maryland2009,0.0,0.10679188089117396,0.519654027420737,1.1994733647529277,1.1994733647529277,0
Massachusetts,38.2,2009,47.9,75158.0,45.27,Massachusetts2009,0.0,0.11987867996930161,0.42230176515732926,1.2635447429009976,1.2635447429009976,0
Michigan,24.6,2009,43.2,58222.0,27.63,Michigan2009,0.0,0.07678754685547688,0.5602501041232819,1.0509164931278634,1.0509164931278634,0
Minnesota,31.5,2009,38.9,71002.0,23.91,Minnesota2009,0.0,0.1009626333834123,0.6880761970800108,1.3191706152008937,1.3191706152008937,0
Mississippi,19.6,2009,63.5,44404.0,26.18,Mississippi2009,0.0,0.06726674483365089,0.8146731642972299,1.0935732082661587,1.0935732082661587,0
Missouri,25.2,2009,53.2,61735.0,21.54,Missouri2009,0.0,0.08886469515189785,0.6472949554479759,1.2357580860169788,1.2357580860169788,0
Montana,27.4,2009,41.6,51188.0,22.31,Montana2009,0.0037826898707671026,0.08000840150342693,0.9446119831969931,1.369460535043113,1.369460535043113,0
Nebraska,27.4,2009,48.0,62780.0,21.12,Nebraska2009,0.0,0.10198450340455505,0.9143801361822024,1.4359908429208734,1.4359908429208734,0
Nevada,21.8,2009,51.0,65108.0,30.52,Nevada2009,0.0,0.09411042613855283,0.5019426677968714,1.1658418740849195,1.1658418740849195,0
New Hampshire,32.0,2009,43.0,81181.0,44.23,New Hampshire2009,0.0,0.09675471990095946,0.46113741875580316,1.270208913649025,1.270208913649025,0
New Jersey,34.5,2009,53.0,81999.0,42.63,New Jersey2009,0.0,0.11311253604670246,0.5563264014254566,1.1703896560617073,1.1703896560617073,0
New Mexico,25.3,2009,54.1,55118.0,23.96,New Mexico2009,0.0,0.08854450767744014,0.6920777407924407,1.1511457102974336,1.1511457102974336,0
New York,32.4,2009,44.9,63567.0,45.26,New York2009,0.0,0.12028298737117143,0.3835010264811397,1.1389119299919126,1.1389119299919126,0
North Carolina,26.5,2009,59.2,53047.0,24.84,North Carolina2009,0.0,0.09189276534876964,0.5714905124823995,1.1657117314440248,1.1657117314440248,0
North Dakota,25.8,2009,39.0,63388.0,19.48,North Dakota2009,0.0,0.10459591041869523,1.4120577734501785,1.5982375851996105,1.5982375851996105,0
Ohio,24.1,2009,49.9,58077.0,26.52,Ohio2009,0.0,0.08764285454677619,0.6663000654212401,1.1730326379297813,1.1730326379297813,0
Oklahoma,22.7,2009,59.5,58075.0,20.39,Oklahoma2009,0.0,0.0857252265419468,0.8724887459807074,1.2490780473545746,1.2490780473545746,0
Oregon,29.2,2009,47.3,62151.0,21.9,Oregon2009,0.0006944516783160936,0.08649395762206687,0.5488641413320328,1.1863371809461876,1.1863371809461876,0
Pennsylvania,26.4,2009,48.1,60979.0,28.25,Pennsylvania2009,0.0,0.09828546344757724,0.6121279756879959,1.1989797399966233,1.1989797399966233,0
Rhode Island,30.5,2009,50.1,65362.0,41.68,Rhode Island2009,0.0,0.09412430939226518,0.3844771112865035,1.1607813733228098,1.1607813733228098,0
South Carolina,24.3,2009,63.0,52028.0,24.67,South Carolina2009,0.0,0.0761941422988181,0.74102368507793,1.1149814003861185,1.1149814003861185,0
South Dakota,25.1,2009,43.9,58009.0,21.65,South Dakota2009,0.0,0.09860054127198918,0.9826549391069013,1.5059621109607577,1.5059621109607577,0
Tennessee,23.0,2009,57.5,51289.0,25.53,Tennessee2009,0.0,0.0834268333002711,0.6901689479600608,1.1650667856906698,1.1650667856906698,0
Texas,25.5,2009,65.7,60097.0,29.21,Texas2009,0.0,0.09653653523940012,0.8983758264070586,1.1722635918684021,1.1722635918684021,0
Utah,28.5,2009,48.7,74042.0,19.94,Utah2009,0.0,0.08409103651789007,0.5475839173736629,1.205445960900037,1.205445960900037,0
Vermont,33.1,2009,42.2,66227.0,37.38,Vermont2009,0.0,0.08802428330522766,0.5284553119730185,1.3969005059021922,1.3969005059021922,0
Virginia,34.0,2009,55.4,76586.0,26.23,Virginia2009,0.000401878864065278,0.1084146463713826,0.6408990423932255,1.2552085366818793,1.2552085366818793,0
Washington,31.0,2009,46.0,76448.0,19.41,Washington2009,0.0,0.10712608271318776,0.6197123947785775,1.1637461876296207,1.1637461876296207,0
West Virginia,17.3,2009,51.5,51255.0,19.56,West Virginia2009,0.0,0.07476278358998471,0.8301481133184436,1.0568214411660986,1.0568214411660986,0
Wisconsin,25.7,2009,41.1,64859.0,27.57,Wisconsin2009,0.0,0.0899468781836705,0.6418334303594819,1.2533190219764228,1.2533190219764228,0
Wyoming,23.8,2009,41.3,66420.0,17.94,Wyoming2009,0.0,0.13847211611917495,2.001993888464477,1.4800343773873186,1.4800343773873186,0
Alabama,21.9,2010,62.5,50975.0,26.44,Alabama2010,0.0,0.07903384313550632,0.8660043697329112,1.0970250144914613,1.0970250144914613,0
Alaska,27.9,2010,1.5,72039.0,43.29,Alaska2010,0.0,0.1525067200457535,1.8280411781527024,1.269385187303403,1.269385187303403,0
Arizona,25.9,2010,60.8,58400.0,28.4,Arizona2010,0.0,0.08477738396624472,0.4843412658227848,1.0739480168776372,1.0739480168776372,0
Arkansas,19.5,2010,59.8,48053.0,21.57,Arkansas2010,0.0,0.07573054249682859,0.8426415939109022,1.1501171554361616,1.1501171554361616,0
California,30.1,2010,58.7,67600.0,38.23,California2010,0.0010568704785759839,0.1049160389362856,0.4108267786290691,1.0546108787509463,1.0546108787509463,0
Colorado,36.4,2010,45.0,75009.0,26.9,Colorado2010,0.0,0.10302337268666242,0.6050993139757498,1.2538437300574345,1.2538437300574345,0
Connecticut,35.5,2010,49.3,82189.0,50.95,Connecticut2010,0.0,0.13866241285596123,0.4548375280633345,1.2831933120642798,1.2831933120642798,0
Delaware,27.8,2010,55.6,68759.0,35.09,Delaware2010,0.0,0.13766508875739644,0.630494674556213,1.236449704142012,1.236449704142012,0
District of Columbia,50.1,2010,59.8,70893.0,39.14,District of Columbia2010,0.0,0.3161015485407981,0.5669416319237641,2.4095801072066707,2.4095801072066707,0
Florida,25.8,2010,70.8,54876.0,31.01,Florida2010,0.0,0.08609635179528558,0.4978584519624229,1.130211976254971,1.130211976254971,0
Georgia,27.3,2010,63.0,54940.0,26.07,Georgia2010,0.0,0.08790078630897318,0.6617675132453116,1.0956504919687158,1.0956504919687158,0
Hawaii,29.5,2010,77.1,74145.0,73.8,Hawaii2010,0.0,0.10792914783731439,0.48023886378308583,1.3306326662362815,1.3306326662362815,0
Idaho,24.4,2010,43.1,58592.0,19.18,Idaho2010,0.0,0.07691656288916562,0.7238383838383838,1.202045108620451,1.202045108620451,0
Illinois,30.8,2010,51.5,63173.0,26.82,Illinois2010,0.0,0.10634741394443292,0.6353320141072084,1.1571424923798732,1.1571424923798732,0
Indiana,22.7,2010,51.5,57458.0,22.55,Indiana2010,0.0,0.09223810145589868,0.9310246784618398,1.1507916041000197,1.1507916041000197,0
Iowa,24.9,2010,46.7,61041.0,22.44,Iowa2010,0.0,0.10131341263622765,1.0670752902628393,1.3893040814872855,1.3893040814872855,0
Kansas,29.8,2010,53.2,57352.0,24.52,Kansas2010,0.0,0.09742503219940905,0.840791726645958,1.3651587241457686,1.3651587241457686,0
Kentucky,20.5,2010,55.4,51188.0,19.81,Kentucky2010,0.0,0.08064781428709897,0.9707250169622953,1.127227391683629,1.127227391683629,0
Louisiana,21.4,2010,66.4,48941.0,23.12,Louisiana2010,0.0,0.10393435741304548,1.9028000738075468,1.1701079435372266,1.1701079435372266,0
Maine,26.8,2010,41.9,59689.0,37.64,Maine2010,0.0,0.08510781758957654,0.6808745928338762,1.2888127035830619,1.2888127035830619,0
Maryland,36.1,2010,54.8,79951.0,37.24,Maryland2010,0.0,0.1106795259530173,0.5227584751723168,1.1764745393163596,1.1764745393163596,0
Massachusetts,39.0,2010,48.2,75882.0,41.79,Massachusetts2010,0.0,0.12878589775717328,0.4483438792131312,1.2891677108131814,1.2891677108131814,0
Michigan,25.2,2010,44.5,57628.0,29.05,Michigan2010,0.0,0.08373076014855205,0.5968016229096451,1.0815520683511153,1.0815520683511153,0
Minnesota,31.8,2010,40.7,65156.0,24.72,Minnesota2010,0.0,0.10656794777134418,0.721216336999184,1.3246621070221116,1.3246621070221116,0
Mississippi,19.5,2010,63.3,47521.0,25.46,Mississippi2010,0.0,0.06885304895924949,0.8456134564643799,1.0925908824391675,1.0925908824391675,0
Missouri,25.6,2010,53.8,57057.0,22.81,Missouri2010,0.0,0.09226751660215207,0.6838886324088214,1.2341706026492418,1.2341706026492418,0
Montana,28.8,2010,41.1,51407.0,23.08,Montana2010,0.0036976568233145794,0.08587836021505375,0.9075112007168459,1.3806989247311827,1.3806989247311827,0
Nebraska,28.6,2010,47.3,65384.0,22.03,Nebraska2010,0.0,0.10723998594518623,1.0161138439915671,1.428674162567346,1.428674162567346,0
Nevada,21.7,2010,50.2,63760.0,28.66,Nevada2010,0.0,0.09405462089777442,0.5270479064503961,1.1150916635231989,1.1150916635231989,0
New Hampshire,32.8,2010,43.7,82979.0,43.48,New Hampshire2010,0.0,0.1031884150222788,0.47592457033736474,1.2948870146403564,1.2948870146403564,0
New Jersey,35.4,2010,53.1,78415.0,43.07,New Jersey2010,0.0,0.11509375437940861,0.5348234222450601,1.1586446022329144,1.1586446022329144,0
New Mexico,25.0,2010,53.9,56206.0,24.88,New Mexico2010,0.0,0.08888696291627272,0.6867360016808488,1.1135381867843261,1.1135381867843261,0
New York,32.5,2010,45.6,61993.0,48.1,New York2010,0.0,0.12800971950492251,0.4053743944926293,1.1514570887519486,1.1514570887519486,0
North Carolina,26.5,2010,58.7,54582.0,25.4,North Carolina2010,0.0,0.09245396315291321,0.6067665250599811,1.1398302920913033,1.1398302920913033,0
North Dakota,27.6,2010,38.9,63519.0,20.87,North Dakota2010,0.0,0.11180256972735819,1.4844280789721092,1.5788561579442182,1.5788561579442182,0
Ohio,24.6,2010,50.9,57143.0,26.89,Ohio2010,0.0,0.09275672720533729,0.7020650481838399,1.1894295774647887,1.1894295774647887,0
Oklahoma,22.9,2010,59.2,53677.0,22.3,Oklahoma2010,0.0,0.08883429295255642,0.9096113542146477,1.2264670658682635,1.2264670658682635,0
Oregon,28.8,2010,47.5,63016.0,22.15,Oregon2010,0.0007389518304172727,0.08975622026576258,0.5368994367583529,1.1889998359490348,1.1889998359490348,0
Pennsylvania,27.1,2010,48.9,60166.0,30.29,Pennsylvania2010,0.0,0.10258817941236345,0.637007701703196,1.2078062020764064,1.2078062020764064,0
Rhode Island,30.2,2010,50.2,64287.0,41.25,Rhode Island2010,0.0,0.09852280422226649,0.3891655048795061,1.1678211511651067,1.1678211511651067,0
South Carolina,24.5,2010,62.4,51927.0,24.89,South Carolina2010,0.0,0.07702953743265836,0.7736341259520714,1.0949410180196917,1.0949410180196917,0
South Dakota,26.3,2010,43.4,56478.0,22.93,South Dakota2010,0.0,0.10247022198159177,1.0217244179750948,1.510923118570655,1.510923118570655,0
Tennessee,23.1,2010,57.4,48058.0,25.3,Tennessee2010,0.0,0.08541002617540837,0.7459948311851827,1.1649063980650078,1.1649063980650078,0
Texas,25.9,2010,65.5,58861.0,27.69,Texas2010,0.0,0.10128845387810845,0.9434775751762038,1.1594538699791075,1.1594538699791075,0
Utah,29.3,2010,48.2,70611.0,20.45,Utah2010,0.0,0.08903796518607443,0.5649894957983194,1.2160856842737096,1.2160856842737096,0
Vermont,33.6,2010,43.0,69648.0,38.81,Vermont2010,0.0,0.09470145127850725,0.5379958534899792,1.4281686247408432,1.4281686247408432,0
Virginia,34.2,2010,55.2,75176.0,25.48,Virginia2010,0.00014243322089654877,0.11028835623514827,0.6541055377621655,1.2251237214588284,1.2251237214588284,0
Washington,31.1,2010,46.9,69941.0,19.63,Washington2010,0.0,0.11135756504783377,0.6117524830906099,1.1490597769788558,1.1490597769788558,0
West Virginia,17.5,2010,51.8,53271.0,21.89,West Virginia2010,0.0,0.07821604645650627,0.8906589239156198,1.0659777198388243,1.0659777198388243,0
Wisconsin,26.3,2010,43.1,62703.0,28.76,Wisconsin2010,0.0,0.09473655238658193,0.6686127530663514,1.2658630116743017,1.2658630116743017,0
Wyoming,24.1,2010,40.8,65007.0,18.27,Wyoming2010,0.0,0.14128496437945257,2.02859392575928,1.443790776152981,1.443790776152981,0
Alabama,22.3,2011,62.8,51417.0,27.08,Alabama2011,0.0,0.08198849857346648,0.8545831847360913,1.1135578637660486,1.1135578637660486,0
Alaska,26.4,2011,7.0,69334.0,47.13,Alaska2011,0.0,0.16018102477477478,1.8046931306306306,1.2679166666666666,1.2679166666666666,0
Arizona,26.6,2011,60.3,58698.0,28.46,Arizona2011,0.0,0.08749981555384151,0.4952386062577551,1.0862352862269022,1.0862352862269022,0
Arkansas,20.3,2011,61.3,49862.0,22.02,Arkansas2011,0.0,0.07866138628588429,0.8411616837721255,1.1616450989141751,1.1616450989141751,0
California,30.3,2011,57.7,64428.0,38.35,California2011,0.0016701213435940641,0.10801735964682835,0.4084561551478399,1.0668827369735923,1.0668827369735923,0
Colorado,36.7,2011,46.0,70781.0,27.61,Colorado2011,0.0003335330825905737,0.10558317875044401,0.5835446185420531,1.2645845995974268,1.2645845995974268,0
Connecticut,36.2,2011,51.0,78973.0,47.91,Connecticut2011,0.0,0.13857872213967312,0.4419108469539376,1.311304011887073,1.311304011887073,0
Delaware,28.8,2011,56.4,65989.0,33.73,Delaware2011,0.0,0.14581183178902352,0.6787811831789023,1.2601568068424804,1.2601568068424804,0
District of Columbia,52.5,2011,59.9,66702.0,37.53,District of Columbia2011,0.0,0.3212248243559719,0.5376317330210773,2.420260538641686,2.420260538641686,0
Florida,25.8,2011,69.4,54454.0,31.09,Florida2011,0.0,0.08647621228602508,0.47763325127383066,1.149210969256312,1.149210969256312,0
Georgia,27.6,2011,63.0,55501.0,28.17,Georgia2011,0.0,0.09042144622732415,0.6356916921530018,1.1155926096610667,1.1155926096610667,0
Hawaii,29.1,2011,76.9,71285.0,92.78,Hawaii2011,0.0,0.11140767618126107,0.48790517658442184,1.3465763586518305,1.3465763586518305,0
Idaho,25.2,2011,43.0,57295.0,18.87,Idaho2011,0.0,0.07869140409065782,0.7201575456053068,1.2141252072968491,1.2141252072968491,0
Illinois,31.0,2011,53.0,61132.0,26.38,Illinois2011,0.0,0.11109912452297727,0.6358203187634288,1.1827117339576052,1.1827117339576052,0
Indiana,23.0,2011,52.6,53657.0,23.55,Indiana2011,0.0,0.09575577611989351,0.9280550169257568,1.1799375554606106,1.1799375554606106,0
Iowa,25.8,2011,48.3,60627.0,22.16,Iowa2011,0.0,0.10627557082528094,1.0787724572328394,1.4143296829146088,1.4143296829146088,0
Kansas,30.1,2011,55.3,55712.0,26.11,Kansas2011,0.0,0.1033726783412933,0.8316746266393753,1.3790038662724584,1.3790038662724584,0
Kentucky,21.1,2011,56.0,48117.0,21.1,Kentucky2011,0.0,0.08376630540909978,0.9442218316735013,1.1561228275727398,1.1561228275727398,0
Louisiana,21.1,2011,66.6,49085.0,22.76,Louisiana2011,0.0,0.10619544635847226,1.9109384380917194,1.1845674964208193,1.1845674964208193,0
Maine,28.4,2011,44.3,59992.0,36.86,Maine2011,0.0,0.08661532125205931,0.6887561779242175,1.3087133443163097,1.3087133443163097,0
Maryland,36.9,2011,55.6,83151.0,34.98,Maryland2011,0.0,0.11458514486391572,0.5033197541703248,1.192214574187884,1.192214574187884,0
Massachusetts,39.1,2011,50.1,76435.0,41.36,Massachusetts2011,0.0,0.13363576408517053,0.44265152942654357,1.3112590289554675,1.3112590289554675,0
Michigan,25.6,2011,46.7,59010.0,30.57,Michigan2011,0.0,0.08725056613539803,0.607876291327884,1.1140138460543059,1.1140138460543059,0
Minnesota,32.4,2011,42.5,69804.0,25.43,Minnesota2011,0.0,0.11174931869500895,0.7201358716810714,1.350619403566145,1.350619403566145,0
Mississippi,19.8,2011,63.6,49606.0,26.0,Mississippi2011,0.0,0.07026802015628424,0.8241583290732492,1.1027101438691302,1.1027101438691302,0
Missouri,26.1,2011,55.3,55261.0,24.38,Missouri2011,0.0,0.09360542200950102,0.6672475622388113,1.2524809801050112,1.2524809801050112,0
Montana,28.2,2011,41.4,48625.0,24.26,Montana2011,0.0018366527004534236,0.0901982398239824,0.8894389438943895,1.3711221122112212,1.3711221122112212,0
Nebraska,27.9,2011,49.2,67143.0,23.09,Nebraska2011,0.0,0.11738851033834587,1.0138827537593984,1.447905310150376,1.447905310150376,0
Nevada,22.5,2011,50.0,56793.0,26.43,Nevada2011,0.0,0.0961429969879518,0.518480421686747,1.1309028614457832,1.1309028614457832,0
New Hampshire,33.4,2011,45.6,79534.0,43.2,New Hampshire2011,0.0,0.10576051159072741,0.47481534772182254,1.3090151878497203,1.3090151878497203,0
New Jersey,35.3,2011,54.3,75258.0,41.95,New Jersey2011,0.0,0.11624107624159186,0.5341073897860174,1.1762029202896853,1.1762029202896853,0
New Mexico,25.6,2011,54.2,50683.0,25.92,New Mexico2011,0.0,0.09175129096848983,0.707770049531036,1.121579723890821,1.121579723890821,0
New York,32.9,2011,47.0,61131.0,46.57,New York2011,1.7045462293391953e-05,0.13019083993363179,0.3920641976854606,1.1785643176908869,1.1785643176908869,0
North Carolina,26.9,2011,59.0,54575.0,25.34,North Carolina2011,0.0,0.09487368421052632,0.5780582353587518,1.1631280079112185,1.1631280079112185,0
North Dakota,26.3,2011,40.6,68042.0,22.02,North Dakota2011,0.0,0.12935520995334368,1.6337138413685848,1.6478351477449455,1.6478351477449455,0
Ohio,24.7,2011,51.6,53902.0,26.56,Ohio2011,0.0,0.09846940715883669,0.7000445563012677,1.2158199105145413,1.2158199105145413,0
Oklahoma,23.8,2011,60.3,58498.0,22.91,Oklahoma2011,0.0,0.09577450020164774,0.90885233623322,1.243805957250677,1.243805957250677,0
Oregon,29.3,2011,46.9,62205.0,23.57,Oregon2011,0.002377155400761233,0.0926536164205039,0.5468885751520417,1.195456668114683,1.195456668114683,0
Pennsylvania,27.0,2011,49.8,60254.0,30.73,Pennsylvania2011,0.0,0.10627089038183518,0.6378081469512714,1.2275019984692577,1.2275019984692577,0
Rhode Island,31.1,2011,51.7,59196.0,38.22,Rhode Island2011,0.0,0.10033193445243804,0.3706734612310152,1.1824380495603517,1.1824380495603517,0
South Carolina,24.1,2011,62.6,48392.0,25.78,South Carolina2011,0.0,0.0798492343387471,0.7521206496519721,1.1264078886310904,1.1264078886310904,0
South Dakota,26.3,2011,45.0,57011.0,23.58,South Dakota2011,0.0,0.11380630263515348,1.0264900842162457,1.5389296386851399,1.5389296386851399,0
Tennessee,23.6,2011,58.0,51042.0,27.26,Tennessee2011,0.0,0.08918298406822239,0.726182653533417,1.1863029682025517,1.1863029682025517,0
Texas,26.4,2011,65.2,59213.0,26.64,Texas2011,0.0,0.10785378640464435,0.951150233986781,1.1805020664811927,1.1805020664811927,0
Utah,29.7,2011,48.2,66995.0,20.98,Utah2011,0.0,0.09337770506432662,0.5879036216256414,1.2377675317914776,1.2377675317914776,0
Vermont,35.4,2011,44.5,62611.0,40.44,Vermont2011,0.0,0.0988820459290188,0.5276826722338205,1.4507620041753653,1.4507620041753653,0
Virginia,35.1,2011,55.9,75594.0,25.92,Virginia2011,0.0007055086639076923,0.11183704255756578,0.6230908203125,1.2342408511513159,1.2342408511513159,0
Washington,31.9,2011,46.7,68633.0,20.01,Washington2011,0.0007572350516862308,0.11459210844100955,0.6193877551020408,1.1515230648472408,1.1515230648472408,0
West Virginia,18.5,2011,52.0,50489.0,23.16,West Virginia2011,0.0,0.082235538662549,0.8770709110345647,1.079742249673358,1.079742249673358,0
Wisconsin,26.5,2011,45.2,62848.0,30.01,Wisconsin2011,0.0,0.09917137644737332,0.6691920771436017,1.293576827134294,1.293576827134294,0
Wyoming,24.7,2011,41.8,65807.0,19.39,Wyoming2011,0.0,0.1491609756097561,2.093140712945591,1.4645515947467167,1.4645515947467167,0
Alabama,23.3,2012,64.6,51384.0,27.32,Alabama2012,0.0,0.08457521451555237,0.8450286020736504,1.1189122273864855,1.1189122273864855,0
Alaska,28.0,2012,-12.8,75246.0,47.84,Alaska2012,0.0,0.16109342177998895,1.744917081260365,1.2692703150912106,1.2692703150912106,0
Arizona,27.3,2012,60.6,55616.0,28.74,Arizona2012,0.0,0.09058568329718004,0.48237310195227767,1.0997954279993325,1.0997954279993325,0
Arkansas,21.0,2012,62.4,46128.0,22.56,Arkansas2012,0.0,0.08060334323922734,0.7988640416047549,1.162809806835067,1.162809806835067,0
California,30.9,2012,57.5,67410.0,39.75,California2012,0.004151598845749651,0.11209168501180276,0.3950023075086863,1.0963004535448106,1.0963004535448106,0
Colorado,37.5,2012,45.9,67688.0,27.63,Colorado2012,0.0006299439865260708,0.10895973392112099,0.5692021569707943,1.2843127607651736,1.2843127607651736,0
Connecticut,37.1,2012,51.6,75954.0,45.56,Connecticut2012,0.0,0.14357941474462124,0.4340508969545265,1.3250020859407592,1.3250020859407592,0
Delaware,29.5,2012,58.2,57896.0,32.48,Delaware2012,0.0,0.1475848520710059,0.6711739644970415,1.2645230769230769,1.2645230769230769,0
District of Columbia,53.0,2012,61.5,77135.0,34.74,District of Columbia2012,0.0,0.3240595203698353,0.49926032938457093,2.410901473562554,2.410901473562554,0
Florida,26.8,2012,72.0,54466.0,30.58,Florida2012,0.0,0.08813450914689368,0.46076627875384896,1.1602318420575983,1.1602318420575983,0
Georgia,28.2,2012,65.3,56890.0,27.47,Georgia2012,0.0,0.09345759846381833,0.5943889712174657,1.1238696750224375,1.1238696750224375,0
Hawaii,30.1,2012,76.8,66515.0,99.96,Hawaii2012,0.0,0.1144624323463865,0.473414517669532,1.3517287488061127,1.3517287488061127,0
Idaho,25.5,2012,42.6,56654.0,20.3,Idaho2012,0.0,0.08025856612082015,0.7073138846841888,1.2152855373606715,1.2152855373606715,0
Illinois,31.6,2012,53.9,61166.0,24.7,Illinois2012,0.0,0.11678066621652036,0.6176164753544902,1.1952446866660236,1.1952446866660236,0
Indiana,23.4,2012,53.8,54569.0,24.4,Indiana2012,0.0,0.09885325657894738,0.9016253289473685,1.1981361842105263,1.1981361842105263,0
Iowa,26.3,2012,49.4,63180.0,22.6,Iowa2012,0.0,0.11340371959942774,1.0294141630901288,1.4259155937052932,1.4259155937052932,0
Kansas,30.4,2012,55.9,59115.0,27.42,Kansas2012,0.0,0.10730796004842616,0.8079880447941888,1.3933058414043584,1.3933058414043584,0
Kentucky,21.8,2012,57.6,48573.0,21.37,Kentucky2012,0.0,0.08718430969510106,0.9299652522879656,1.1693647530954827,1.1693647530954827,0
Louisiana,22.0,2012,68.4,46207.0,20.49,Louisiana2012,0.0,0.10882828609736928,1.8528734569328216,1.202632576633224,1.202632576633224,0
Maine,28.0,2012,43.0,58116.0,34.62,Maine2012,0.0,0.08982546854082998,0.6721084337349398,1.3335056894243642,1.3335056894243642,0
Maryland,36.9,2012,57.2,84926.0,33.07,Maryland2012,0.0,0.11640126719641544,0.48738439458116006,1.203794588161165,1.203794588161165,0
Massachusetts,39.3,2012,50.3,75256.0,40.41,Massachusetts2012,0.0,0.13878886347256605,0.4307426440635478,1.3327882054335225,1.3327882054335225,0
Michigan,26.0,2012,46.3,59129.0,32.29,Michigan2012,0.0,0.09202342542398712,0.5910447826181612,1.1395887488298173,1.1395887488298173,0
Minnesota,33.2,2012,43.1,73055.0,26.06,Minnesota2012,0.0,0.1166940348132212,0.7088402112262859,1.371241150009779,1.371241150009779,0
Mississippi,20.7,2012,65.2,43318.0,25.5,Mississippi2012,0.0,0.07407699115044247,0.8206644542772862,1.1207367256637168,1.1207367256637168,0
Missouri,26.4,2012,56.4,58832.0,24.99,Missouri2012,0.0,0.09747113934955846,0.6420162969344533,1.2664688778806805,1.2664688778806805,0
Montana,29.4,2012,42.1,53304.0,24.32,Montana2012,0.004154510875586248,0.09394475260705569,0.8811315731084979,1.4047814510761039,1.4047814510761039,0
Nebraska,29.0,2012,49.6,61707.0,24.54,Nebraska2012,0.0,0.12103911865205608,1.004519853894191,1.4743230823612583,1.4743230823612583,0
Nevada,22.4,2012,49.7,55958.0,26.38,Nevada2012,0.0,0.09634398748323647,0.5110594546267322,1.1318715541648041,1.1318715541648041,0
New Hampshire,34.6,2012,45.4,80177.0,41.6,New Hampshire2012,0.0,0.11074874696847212,0.4655246564268391,1.3328391269199678,1.3328391269199678,0
New Jersey,36.2,2012,55.6,78845.0,40.12,New Jersey2012,0.0003021707189019116,0.12116572566475343,0.5096584280192105,1.183984772168209,1.183984772168209,0
New Mexico,26.1,2012,55.0,51337.0,26.21,New Mexico2012,0.0,0.09307208637662749,0.7083211601566635,1.1296824388694824,1.1296824388694824,0
New York,33.4,2012,47.7,56368.0,44.39,New York2012,1.9699759899326348e-05,0.13881748918291842,0.37454097949457577,1.1948788695888464,1.1948788695888464,0
North Carolina,27.4,2012,61.0,49125.0,26.82,North Carolina2012,0.0,0.09715904477090655,0.5543526663901683,1.1692482154940953,1.1692482154940953,0
North Dakota,27.9,2012,41.8,65928.0,22.99,North Dakota2012,0.0,0.15692582500756888,1.6622797456857403,1.7177959430820466,1.7177959430820466,0
Ohio,25.2,2012,53.0,52461.0,26.84,Ohio2012,0.0,0.10245177217090937,0.6786275061950889,1.2401312232484794,1.2401312232484794,0
Oklahoma,23.8,2012,62.3,57228.0,22.16,Oklahoma2012,0.0,0.09995678765361532,0.8932883681051729,1.264231494712775,1.264231494712775,0
Oregon,29.9,2012,46.3,61210.0,24.07,Oregon2012,0.0023351824773401447,0.09496437700549301,0.5319100451405885,1.2073198455430467,1.2073198455430467,0
Pennsylvania,27.8,2012,51.1,61362.0,29.12,Pennsylvania2012,0.0,0.11060153289406302,0.6217472943907685,1.2434739339728926,1.2434739339728926,0
Rhode Island,31.4,2012,52.3,66281.0,37.34,Rhode Island2012,0.0,0.10397702076194315,0.3697923805684338,1.1952791775851643,1.1952791775851643,0
South Carolina,25.1,2012,64.7,52492.0,26.68,South Carolina2012,0.0,0.08221918252094616,0.7281150766097302,1.1356209785677915,1.1356209785677915,0
South Dakota,26.3,2012,45.8,58420.0,24.88,South Dakota2012,0.0,0.11884542501353547,1.0170194910665944,1.556486193827829,1.556486193827829,0
Tennessee,24.3,2012,59.6,50830.0,27.23,Tennessee2012,0.0,0.09473977633668608,0.6887807702488089,1.2027511249338274,1.2027511249338274,0
Texas,26.7,2012,67.8,61388.0,25.33,Texas2012,0.0,0.11270351866390693,0.9405137233443565,1.197147637966994,1.197147637966994,0
Utah,30.7,2012,48.1,68972.0,23.1,Utah2012,0.0,0.09457609171900103,0.5740368044399007,1.2458448955747043,1.2458448955747043,0
Vermont,35.8,2012,44.8,65710.0,41.68,Vermont2012,0.0,0.10328965030024725,0.45747439067467327,1.4899646767926529,1.4899646767926529,0
Virginia,35.5,2012,57.6,76409.0,26.59,Virginia2012,0.00015124428674706812,0.11400143149284253,0.603247699386503,1.2415352760736196,1.2415352760736196,0
Washington,31.7,2012,45.4,73519.0,20.49,Washington2012,0.0008652063556485784,0.12032643374290262,0.6042427974885091,1.174395409619371,1.174395409619371,0
West Virginia,18.6,2012,54.2,51489.0,23.91,West Virginia2012,0.0,0.08436976604679064,0.8770401919616077,1.1024919016196761,1.1024919016196761,0
Wisconsin,27.1,2012,44.8,62751.0,30.25,Wisconsin2012,0.0,0.1036961044792875,0.6503786999962579,1.3095105339969315,1.3095105339969315,0
Wyoming,24.7,2012,41.5,67992.0,21.19,Wyoming2012,0.0,0.1446051358392259,2.050751767770748,1.4763825828061035,1.4763825828061035,0
Alabama,23.5,2013,64.9,55126.0,26.47,Alabama2013,0.0,0.08765498154981549,0.8693321933219332,1.1355134551345514,1.1355134551345514,0
Alaska,28.0,2013,9.8,84427.0,48.37,Alaska2013,0.0,0.15982049134561696,1.6693020658849804,1.2872975991066444,1.2872975991066444,0
Arizona,27.4,2013,61.6,61290.0,29.71,Arizona2013,0.0002658102849973574,0.09229165838468163,0.48500761942622406,1.1168154111177366,1.1168154111177366,0
Arkansas,20.6,2013,63.4,45872.0,23.29,Arkansas2013,0.0,0.08475097305389222,0.8279154191616767,1.1745875748502994,1.1745875748502994,0
California,31.0,2013,59.1,70823.0,42.01,California2013,0.005454872325964071,0.11726193405966633,0.39779660211351286,1.125939118999963,1.125939118999963,0
Colorado,37.8,2013,47.8,79115.0,29.01,Colorado2013,0.0017586205380499536,0.11401939739286551,0.5768921239559753,1.309880181094372,1.309880181094372,0
Connecticut,37.2,2013,52.2,80721.0,45.88,Connecticut2013,0.0,0.14502936407854441,0.4485750315258512,1.3490428151083889,1.3490428151083889,0
Delaware,29.8,2013,58.3,63014.0,32.11,Delaware2013,0.0,0.1446360440590579,0.6583102882587298,1.2767682212327163,1.2767682212327163,0
District of Columbia,55.1,2013,58.8,69964.0,34.74,District of Columbia2013,0.0,0.32003380832634815,0.4884045822855546,2.370008382229673,2.370008382229673,0
Florida,27.2,2013,72.3,56538.0,29.95,Florida2013,0.0,0.09171610155128972,0.4666427514207916,1.1907820850328223,1.1907820850328223,0
Georgia,28.3,2013,65.7,54744.0,28.41,Georgia2013,0.0,0.09701550986327105,0.607019935288592,1.14743408829976,1.14743408829976,0
Hawaii,31.2,2013,76.9,74831.0,97.51,Hawaii2013,0.0,0.11938334667734186,0.48344915932746196,1.390107285828663,1.390107285828663,0
Idaho,26.2,2013,44.6,56462.0,22.19,Idaho2013,0.0,0.085373187905564,0.7323526163192048,1.246535965760044,1.246535965760044,0
Illinois,32.1,2013,55.6,62835.0,24.35,Illinois2013,0.0,0.11950873996194408,0.6462011803786242,1.2099135679040216,1.2099135679040216,0
Indiana,23.8,2013,54.9,57613.0,25.65,Indiana2013,0.0,0.10304321272943351,0.9477089660636472,1.2162039482371583,1.2162039482371583,0
Iowa,26.4,2013,51.7,70080.0,23.65,Iowa2013,0.0,0.1168758466637844,1.0967106211269635,1.4551664504971897,1.4551664504971897,0
Kansas,31.1,2013,57.9,55709.0,28.68,Kansas2013,0.0,0.11036834466427317,0.8374005041631656,1.4277396684745245,1.4277396684745245,0
Kentucky,22.6,2013,58.2,52282.0,22.58,Kentucky2013,0.0,0.0905730133019192,0.9038393952780641,1.1817415206400628,1.1817415206400628,0
Louisiana,22.5,2013,68.5,54083.0,24.3,Louisiana2013,0.0,0.10642346703550024,1.8069857076994007,1.2179147072383587,1.2179147072383587,0
Maine,28.2,2013,43.7,64023.0,34.75,Maine2013,0.0,0.09174684183931278,0.697714333838639,1.3536146201785413,1.3536146201785413,0
Maryland,37.4,2013,57.4,80794.0,34.16,Maryland2013,0.0,0.11904145403704998,0.49450122334847957,1.2212236980076896,1.2212236980076896,0
Massachusetts,40.3,2013,51.1,72844.0,42.53,Massachusetts2013,0.0,0.1420641651031895,0.4511178861788618,1.3613408380237648,1.3613408380237648,0
Michigan,26.9,2013,48.2,65898.0,32.89,Michigan2013,0.0,0.09585146865409909,0.6281266988163087,1.1669798334064008,1.1669798334064008,0
Minnesota,33.5,2013,44.6,74935.0,27.69,Minnesota2013,9.039932092030125e-05,0.12173346897253307,0.737819078175131,1.3915357226700056,1.3915357226700056,0
Mississippi,20.4,2013,65.5,37673.0,26.9,Mississippi2013,0.0,0.07560076803781109,0.8055365187209217,1.1318093198434385,1.1318093198434385,0
Missouri,27.0,2013,58.3,53941.0,26.49,Missouri2013,0.0,0.10080515934322566,0.6652207810871986,1.2811849243703517,1.2811849243703517,0
Montana,29.0,2013,44.2,50328.0,25.74,Montana2013,0.006521147632036374,0.09764841305319624,0.9087460885113992,1.4347720160929818,1.4347720160929818,0
Nebraska,29.4,2013,52.3,67129.0,25.61,Nebraska2013,0.0,0.12602596639642816,1.0244742098460815,1.4880472329925978,1.4880472329925978,0
Nevada,22.5,2013,51.6,60399.0,26.47,Nevada2013,0.0,0.09798694362017804,0.5231862017804154,1.158299703264095,1.158299703264095,0
New Hampshire,34.6,2013,46.4,80498.0,41.91,New Hampshire2013,0.0,0.11485691003911343,0.4990091264667536,1.3608735332464146,1.3608735332464146,0
New Jersey,36.6,2013,55.7,74271.0,40.21,New Jersey2013,2.743825979971168e-05,0.12578063999623257,0.5225519790906308,1.208610044973981,1.208610044973981,0
New Mexico,26.4,2013,55.4,46792.0,27.25,New Mexico2013,0.0,0.09442223404255319,0.7156659574468085,1.1441117021276597,1.1441117021276597,0
New York,34.1,2013,48.7,58209.0,45.25,New York2013,0.00044202233289009383,0.14254253742249318,0.3886414121380405,1.2128788701225495,1.2128788701225495,0
North Carolina,28.4,2013,60.7,53981.0,27.08,North Carolina2013,0.0,0.10081101297568423,0.557911241958347,1.185721295387635,1.185721295387635,0
North Dakota,27.1,2013,43.4,68910.0,24.07,North Dakota2013,0.0,0.1589194729136164,1.7320322108345534,1.7200527086383601,1.7200527086383601,0
Ohio,26.1,2013,53.9,59120.0,27.08,Ohio2013,0.0,0.10690500811412613,0.6954479752424803,1.2606651696418463,1.2606651696418463,0
Oklahoma,23.8,2013,62.9,53777.0,23.23,Oklahoma2013,0.0,0.1035566829157692,0.9158632808071647,1.2743968937762158,1.2743968937762158,0
Oregon,30.7,2013,47.6,57082.0,24.72,Oregon2013,0.004800155709160538,0.09751640412819121,0.5416996197718631,1.2274383487235199,1.2274383487235199,0
Pennsylvania,28.7,2013,51.7,64255.0,28.82,Pennsylvania2013,0.0,0.11496725878286589,0.6631143707117432,1.2640541330627826,1.2640541330627826,0
Rhode Island,32.4,2013,52.6,65614.0,40.2,Rhode Island2013,0.0,0.10694515023190158,0.397019560395241,1.214819520064529,1.214819520064529,0
South Carolina,26.1,2013,64.7,50749.0,27.09,South Carolina2013,0.0,0.08494839065154507,0.7360898112861013,1.1482584140685983,1.1482584140685983,0
South Dakota,26.6,2013,48.8,62224.0,25.96,South Dakota2013,0.0,0.1201615894039735,1.034405298013245,1.5400900662251655,1.5400900662251655,0
Tennessee,24.8,2013,60.2,50514.0,26.81,Tennessee2013,0.0,0.09756395713107997,0.704831986809563,1.216366034624897,1.216366034624897,0
Texas,27.5,2013,67.6,59886.0,25.67,Texas2013,0.0,0.11883514242690427,0.9907086052202284,1.2180001411720416,1.2180001411720416,0
Utah,31.3,2013,50.0,71118.0,23.97,Utah2013,0.0,0.09831632430863033,0.5969325687740437,1.2726798287000072,1.2726798287000072,0
Vermont,35.7,2013,45.6,76320.0,42.83,Vermont2013,0.0,0.10494303117162307,0.4922142601218201,1.522855607309208,1.522855607309208,0
Virginia,36.1,2013,57.5,76779.0,26.25,Virginia2013,0.0007887476053167656,0.11675396076230324,0.6195568538408551,1.2497805954537338,1.2497805954537338,0
Washington,32.7,2013,46.9,74467.0,20.94,Washington2013,0.0299615570724809,0.12553314362737758,0.6097495881383855,1.1956639209225701,1.1956639209225701,1
West Virginia,18.9,2013,54.2,50174.0,23.2,West Virginia2013,0.0,0.08657078842194502,0.9099200678212426,1.1064781397602035,1.1064781397602035,0
Wisconsin,27.7,2013,47.1,60259.0,30.82,Wisconsin2013,0.0,0.10682458381872159,0.6888546089962797,1.3302532787193266,1.3302532787193266,0
Wyoming,26.6,2013,44.4,78566.0,22.24,Wyoming2013,0.0,0.14546390225842282,1.9992484265087005,1.482421325435024,1.482421325435024,0
Alabama,23.5,2014,61.5,48432.0,27.2,Alabama2014,0.0,0.08903432256900595,0.8875076673281617,1.150943532383186,1.150943532383186,0
Alaska,28.0,2014,18.4,77473.0,51.27,Alaska2014,0.0,0.15951680316294833,1.6846173397345383,1.3028155888167186,1.3028155888167186,0
Arizona,27.6,2014,61.1,56424.0,29.83,Arizona2014,0.0004309111530148268,0.09461783376640462,0.48471400848600465,1.1341555109693122,1.1341555109693122,0
Arkansas,21.4,2014,59.1,51461.0,23.19,Arkansas2014,0.0,0.0873951388366318,0.8442584092106253,1.19453231996388,1.19453231996388,0
California,31.7,2014,60.0,69292.0,44.49,California2014,0.041639449713735004,0.12209818417571616,0.38930556354339313,1.1500968823034252,1.1500968823034252,1
Colorado,38.3,2014,45.4,69811.0,29.52,Colorado2014,0.008192710259266066,0.11923369669889448,0.575487461962174,1.3356646508223875,1.3356646508223875,0
Connecticut,38.0,2014,49.3,80374.0,49.96,Connecticut2014,0.0,0.14863299379181483,0.45310107889819784,1.365818214694714,1.365818214694714,0
Delaware,30.6,2014,55.2,65895.0,33.16,Delaware2014,0.0,0.1622470923332542,0.6669878946119155,1.3209518158082127,1.3209518158082127,0
District of Columbia,55.0,2014,58.5,78216.0,35.5,District of Columbia2014,0.0,0.32591320960698694,0.4892958515283843,2.348987445414847,2.348987445414847,0
Florida,27.3,2014,70.9,52856.0,31.55,Florida2014,0.0,0.09530491803278689,0.46699647513008447,1.2238757902982151,1.2238757902982151,0
Georgia,29.1,2014,62.4,56768.0,29.38,Georgia2014,0.0,0.10151193090020298,0.6168393471146277,1.1746002319897262,1.1746002319897262,0
Hawaii,31.0,2014,77.7,81591.0,98.0,Hawaii2014,0.0,0.12161143671788374,0.46767622366545225,1.3982765721527008,1.3982765721527008,0
Idaho,25.0,2014,44.3,61217.0,23.23,Idaho2014,0.0,0.08903240038604715,0.7238783951468358,1.276049910381911,1.276049910381911,0
Illinois,32.8,2014,50.3,62910.0,27.6,Illinois2014,0.0,0.1254972178836392,0.6646814395418457,1.2386899648574776,1.2386899648574776,0
Indiana,24.7,2014,50.3,55056.0,26.63,Indiana2014,0.0,0.1083085535006605,0.9612054161162483,1.2352800528401586,1.2352800528401586,0
Iowa,27.7,2014,46.0,66225.0,23.89,Iowa2014,0.0,0.1248257734189082,1.1108668060863922,1.4703439821158146,1.4703439821158146,0
Kansas,31.5,2014,53.5,61224.0,29.97,Kansas2014,0.0,0.11487195961450207,0.8668923053388404,1.4500986691142725,1.4500986691142725,0
Kentucky,22.2,2014,54.2,49014.0,23.96,Kentucky2014,0.0,0.09276737070667193,0.878233320173707,1.2041413343861034,1.2041413343861034,0
Louisiana,22.9,2014,65.5,48579.0,24.4,Louisiana2014,0.0,0.11120533074648928,1.8204453067257946,1.2401861603843312,1.2401861603843312,0
Maine,29.4,2014,41.8,59237.0,37.08,Maine2014,0.0,0.09590411424685481,0.7056001360081605,1.37855831349881,1.37855831349881,0
Maryland,38.2,2014,54.0,87252.0,35.47,Maryland2014,0.0,0.12314504642882078,0.49792676115338963,1.2349556657124905,1.2349556657124905,0
Massachusetts,41.2,2014,48.4,72344.0,45.0,Massachusetts2014,0.0,0.14638554404306295,0.4519885497370796,1.3838719312984225,1.3838719312984225,0
Michigan,27.4,2014,43.2,59575.0,32.38,Michigan2014,0.0,0.0993104570134752,0.6396350926556902,1.1896948847024686,1.1896948847024686,0
Minnesota,34.3,2014,38.6,77032.0,28.04,Minnesota2014,9.248969780378588e-05,0.12698498475013686,0.7583483225150544,1.4091331039336827,1.4091331039336827,0
Mississippi,21.1,2014,62.2,40692.0,28.35,Mississippi2014,0.0,0.0777084637162867,0.8213716286693489,1.1598517359558933,1.1598517359558933,0
Missouri,27.5,2014,52.9,64873.0,26.71,Missouri2014,0.0,0.1038758219524532,0.6906861044873185,1.2994981573813136,1.2994981573813136,0
Montana,29.3,2014,42.6,58541.0,25.76,Montana2014,0.01076549544184342,0.10079696564033913,0.9042235609103079,1.447730923694779,1.447730923694779,0
Nebraska,29.5,2014,48.4,65148.0,25.91,Nebraska2014,0.0,0.1324960350337318,1.0395632619244881,1.5182210912534029,1.5182210912534029,0
Nevada,23.1,2014,51.4,57135.0,28.5,Nevada2014,0.0,0.09930541764018692,0.5171816588785046,1.1744261098130842,1.1744261098130842,0
New Hampshire,35.0,2014,43.9,84081.0,44.61,New Hampshire2014,0.0,0.11978208073514932,0.5158139153265507,1.3857876599934362,1.3857876599934362,0
New Jersey,37.4,2014,52.6,74740.0,40.98,New Jersey2014,0.0009205067619851418,0.1278209517530434,0.5256198639007276,1.2260199204125362,1.2260199204125362,0
New Mexico,26.4,2014,54.0,53482.0,28.45,New Mexico2014,0.0,0.09832092576791808,0.7272333617747441,1.1559001706484642,1.1559001706484642,0
New York,34.5,2014,45.1,62216.0,47.63,New York2014,0.002383861374778669,0.14933762967292158,0.4008544323613517,1.2383391429585255,1.2383391429585255,0
North Carolina,28.7,2014,57.8,53594.0,27.35,North Carolina2014,0.0,0.1048069106131922,0.5646222588551721,1.20787410797562,1.20787410797562,0
North Dakota,27.4,2014,38.6,69570.0,24.69,North Dakota2014,0.0,0.1730473577822697,1.8496650303205313,1.7527837135431708,1.7527837135431708,0
Ohio,26.6,2014,50.0,56870.0,28.62,Ohio2014,0.0,0.11312143196277658,0.720407938467382,1.2860066470420664,1.2860066470420664,0
Oklahoma,24.2,2014,58.5,54069.0,24.15,Oklahoma2014,0.0,0.11139969406832474,0.9535012180612996,1.287680584669424,1.287680584669424,0
Oregon,30.8,2014,48.2,67445.0,25.45,Oregon2014,0.011756181079388422,0.10189616509587261,0.5382071281551295,1.2583262918427038,1.2583262918427038,0
Pennsylvania,29.0,2014,48.2,63204.0,30.2,Pennsylvania2014,0.0,0.12016248030882684,0.6896195059463015,1.2869480845465404,1.2869480845465404,0
Rhode Island,30.4,2014,50.3,67168.0,45.17,Rhode Island2014,0.0,0.11082612228316067,0.41401990656104004,1.2454458663416617,1.2454458663416617,0
South Carolina,26.3,2014,61.4,51469.0,28.33,South Carolina2014,0.0,0.08898118304184599,0.7530578701584104,1.1740902847724568,1.1740902847724568,0
South Dakota,27.8,2014,44.0,60776.0,26.53,South Dakota2014,0.0,0.12472780591842175,1.050154625433218,1.5710370567848573,1.5710370567848573,0
Tennessee,25.3,2014,56.2,50079.0,27.59,Tennessee2014,0.0,0.10086752108592514,0.726489852398524,1.2428610964681075,1.2428610964681075,0
Texas,27.8,2014,64.8,61717.0,26.49,Texas2014,0.0,0.12183320733174931,0.974140849199247,1.2343407288548771,1.2343407288548771,0
Utah,31.1,2014,48.6,72609.0,24.57,Utah2014,0.0,0.10240623874360637,0.57274619984151,1.299584323895973,1.299584323895973,0
Vermont,34.9,2014,42.9,69545.0,42.7,Vermont2014,0.0,0.108388188692834,0.5055059416636658,1.5446092906013684,1.5446092906013684,0
Virginia,36.7,2014,54.4,75785.0,26.89,Virginia2014,0.00021151365517049664,0.11864763945213865,0.6337791720866172,1.2633851098018212,1.2633851098018212,0
Washington,33.1,2014,47.6,67666.0,21.04,Washington2014,0.061623797990351184,0.13123116326165943,0.5982807195187325,1.219342724402883,1.219342724402883,1
West Virginia,19.2,2014,50.9,45309.0,22.44,West Virginia2014,0.0,0.0889969374004655,0.956849197598922,1.1166433909102045,1.1166433909102045,0
Wisconsin,28.4,2014,40.9,66534.0,30.99,Wisconsin2014,0.0,0.1115160657716096,0.7125871172122492,1.35232991401418,1.35232991401418,0
Wyoming,26.6,2014,42.0,63796.0,22.87,Wyoming2014,0.0,0.14935383475361244,1.987076695072249,1.5055316783994073,1.5055316783994073,0
Alabama,24.2,2015,62.6,50900.0,27.39,Alabama2015,0.0,0.0919039055404178,0.8706348773841962,1.1750458673932789,1.1750458673932789,0
Alaska,29.7,2015,7.1,85898.0,51.65,Alaska2015,0.0,0.1459079059223576,1.7405553981297819,1.3081581184471522,1.3081581184471522,0
Arizona,27.7,2015,62.1,59751.0,30.31,Arizona2015,0.0005144178461839198,0.09743338323353293,0.4868061702681593,1.1545258396250977,1.1545258396250977,0
Arkansas,21.8,2015,58.9,48944.0,24.03,Arkansas2015,0.0,0.0883688198664566,0.7970282841923625,1.208496511366194,1.208496511366194,0
California,32.3,2015,61.3,72774.0,45.3,California2015,0.12691196757867992,0.1288384178260213,0.39197511315752465,1.1816924927990666,1.1816924927990666,2
Colorado,39.2,2015,46.3,76159.0,29.18,Colorado2015,0.011744239011727775,0.12143006966530365,0.5683045585339997,1.3532648038770256,1.3532648038770256,0
Connecticut,38.3,2015,48.7,83355.0,52.09,Connecticut2015,0.0,0.15763793208189053,0.4597205516068283,1.3900206548812344,1.3900206548812344,0
Delaware,30.9,2015,54.9,66049.0,32.96,Delaware2015,0.0,0.1692888418079096,0.6701318267419962,1.3393408662900188,1.3393408662900188,0
District of Columbia,56.7,2015,58.5,80133.0,35.36,District of Columbia2015,0.0,0.3345092617449664,0.478448322147651,2.3442469798657717,2.3442469798657717,0
Florida,28.4,2015,71.0,55836.0,30.75,Florida2015,0.0034518154998151277,0.10044332290411383,0.47812638887353376,1.2567202131540833,1.2567202131540833,0
Georgia,29.9,2015,63.4,58058.0,28.19,Georgia2015,0.0011351965124492744,0.10762408593265854,0.6152842387936377,1.2048306135096054,1.2048306135096054,0
Hawaii,31.4,2015,77.9,73778.0,76.75,Hawaii2015,0.0,0.12810329601009304,0.47152184198076014,1.4211023497870998,1.4211023497870998,0
Idaho,26.0,2015,45.2,59037.0,23.7,Idaho2015,0.0,0.0900517901065865,0.7382508882208254,1.2974938507789013,1.2974938507789013,0
Illinois,32.9,2015,50.0,69088.0,27.74,Illinois2015,0.00025128711353612483,0.13085513078470826,0.6412662969688047,1.267584040830348,1.267584040830348,0
Indiana,24.9,2015,49.9,59447.0,26.45,Indiana2015,0.0,0.11002873810865459,0.9368855447644934,1.2583841028870695,1.2583841028870695,0
Iowa,26.8,2015,46.1,69593.0,24.47,Iowa2015,0.0,0.12993607667915824,1.0864226001729604,1.4844602190833094,1.4844602190833094,0
Kansas,31.7,2015,53.9,62743.0,29.94,Kansas2015,0.0,0.1189972354477039,0.8460121333128552,1.4674811856857626,1.4674811856857626,0
Kentucky,23.3,2015,54.8,48474.0,23.95,Kentucky2015,0.0,0.09623978703289049,0.860978255461014,1.2309872120216947,1.2309872120216947,0
Louisiana,23.2,2015,65.4,52516.0,23.19,Louisiana2015,0.0,0.10919766847800845,1.816877525428452,1.2524220890808602,1.2524220890808602,0
Maine,30.1,2015,41.0,58044.0,37.46,Maine2015,0.0,0.10015730530668505,0.731829772570641,1.4068780151619573,1.4068780151619573,0
Maryland,38.8,2015,53.8,84162.0,35.38,Maryland2015,0.00040121648839280697,0.1294022469550609,0.49846038079238414,1.261002379952401,1.261002379952401,0
Massachusetts,41.5,2015,47.6,77605.0,49.54,Massachusetts2015,4.2119042735244333e-05,0.15509616341251087,0.4564948389503793,1.4399381295858724,1.4399381295858724,0
Michigan,27.8,2015,42.2,61986.0,31.57,Michigan2015,0.0,0.10509177600283204,0.6254129698873819,1.2172376485164944,1.2172376485164944,0
Minnesota,34.7,2015,39.6,78599.0,28.08,Minnesota2015,0.0004808055223399074,0.1315701513606776,0.7111736334405144,1.436299898047212,1.436299898047212,0
Mississippi,20.8,2015,62.8,45786.0,28.12,Mississippi2015,0.0,0.07961109440769694,0.8155757666867107,1.178756764882742,1.178756764882742,0
Missouri,27.8,2015,53.3,67696.0,27.67,Missouri2015,0.0,0.10810008009319935,0.6667420270860638,1.330931993592544,1.330931993592544,0
Montana,30.6,2015,41.9,58775.0,26.76,Montana2015,0.011699126006468928,0.10324346477625165,0.8941980505095259,1.46327868852459,1.46327868852459,0
Nebraska,30.2,2015,48.2,69158.0,26.1,Nebraska2015,0.0,0.13733451202263083,1.0112765205091938,1.5356353135313532,1.5356353135313532,0
Nevada,23.6,2015,53.1,59476.0,27.77,Nevada2015,0.000884491329036671,0.10491317235396182,0.5043572874493927,1.2034832272990168,1.2034832272990168,0
New Hampshire,35.7,2015,42.9,86541.0,46.95,New Hampshire2015,0.0,0.12723007818998502,0.5267825652969556,1.4318033605057394,1.4318033605057394,0
New Jersey,37.6,2015,52.1,78173.0,40.35,New Jersey2015,0.0033577708239181554,0.13324985213750032,0.5165717192268565,1.2546126002507747,1.2546126002507747,0
New Mexico,26.5,2015,54.7,51598.0,28.35,New Mexico2015,0.0,0.0980815949587136,0.7399847892220773,1.1867177314211212,1.1867177314211212,0
New York,35.0,2015,44.4,66334.0,44.77,New York2015,0.015713190925950613,0.15578067961673386,0.4019628252788104,1.266996701397979,1.266996701397979,1
North Carolina,29.4,2015,58.7,58091.0,27.47,North Carolina2015,0.0,0.1100410171030725,0.5612919198252935,1.2313855434712102,1.2313855434712102,0
North Dakota,29.1,2015,39.6,65659.0,25.68,North Dakota2015,0.0,0.1592177992607336,1.729749786750071,1.699294853568382,1.699294853568382,0
Ohio,26.8,2015,49.6,60955.0,29.34,Ohio2015,0.0,0.11665575241513612,0.7079607850624308,1.3101162701897744,1.3101162701897744,0
Oklahoma,24.6,2015,59.0,53837.0,23.35,Oklahoma2015,0.0,0.10665425896323362,0.9280406485498972,1.3060047956154373,1.3060047956154373,0
Oregon,32.2,2015,49.7,69569.0,25.63,Oregon2015,0.021773948726538046,0.10721286599700791,0.5192167129728574,1.2775764052147895,1.2775764052147895,1
Pennsylvania,29.7,2015,47.7,69061.0,30.33,Pennsylvania2015,0.0,0.12464709064888828,0.6802349122133408,1.310752731334427,1.310752731334427,0
Rhode Island,32.7,2015,49.7,63699.0,49.86,Rhode Island2015,0.0,0.11494251936404404,0.4131532816958826,1.2780839788014675,1.2780839788014675,0
South Carolina,26.8,2015,62.6,53017.0,28.08,South Carolina2015,0.0,0.09337054847343829,0.7546037290749897,1.1961792859411151,1.1961792859411151,0
South Dakota,27.5,2015,44.0,62972.0,27.76,South Dakota2015,0.0,0.12942972536348948,1.050078082929456,1.595560043080237,1.595560043080237,0
Tennessee,25.7,2015,57.1,54126.0,27.31,Tennessee2015,0.0,0.10703981572885818,0.7172497532082922,1.2699924317209608,1.2699924317209608,0
Texas,28.4,2015,64.8,64582.0,25.82,Texas2015,0.0015619381238212249,0.11975693921197036,0.9709818024065575,1.2492934067021333,1.2492934067021333,0
Utah,31.8,2015,50.6,75772.0,25.13,Utah2015,0.0008704991115468443,0.10544602332979851,0.5643782255213856,1.3191417462000707,1.3191417462000707,0
Vermont,36.9,2015,41.8,68037.0,42.22,Vermont2015,0.000790954642706014,0.11135097192224622,0.5059251259899208,1.556904247660187,1.556904247660187,0
Virginia,37.0,2015,54.8,70315.0,27.28,Virginia2015,0.0032105388843652566,0.12386044189559385,0.6249061675926163,1.2955503213087893,1.2955503213087893,0
Washington,34.2,2015,48.5,76899.0,21.85,Washington2015,0.16351969275473313,0.13709635439616932,0.5863473458476542,1.233545430510267,1.233545430510267,2
West Virginia,19.6,2015,51.2,48973.0,23.79,West Virginia2015,0.0,0.0881345773603559,0.9498974295600593,1.1174518042511121,1.1174518042511121,0
Wisconsin,28.4,2015,41.0,63384.0,31.47,Wisconsin2015,0.0,0.11711017594637825,0.6909924594409322,1.38037321959022,1.38037321959022,0
Wyoming,26.2,2015,42.3,69673.0,23.48,Wyoming2015,0.0,0.1470604668962878,1.940761576731726,1.553895905089935,1.553895905089935,0
Alabama,24.7,2016,64.6,53314.0,28.07,Alabama2016,0.0,0.09470606503470953,0.878117921081476,1.1964454694921447,1.1964454694921447,0
Alaska,29.6,2016,17.2,85494.0,52.62,Alaska2016,0.0,0.14358250778375317,1.6803339937729975,1.293857911123691,1.293857911123691,0
Arizona,28.9,2016,61.5,64468.0,30.28,Arizona2016,0.009840359097411986,0.10110162430974909,0.49236929634772497,1.1769864694674976,1.1769864694674976,0
Arkansas,22.4,2016,61.5,51830.0,23.85,Arkansas2016,0.0,0.09039022910028827,0.7993521468669398,1.2363055681990593,1.2363055681990593,0
California,32.9,2016,60.4,75235.0,44.74,California2016,0.35499463990392455,0.13429885489999321,0.39971124246747886,1.2113651828971919,1.2113651828971919,2
Colorado,39.9,2016,47.1,79671.0,28.85,Colorado2016,0.04884452009290969,0.12332225627990431,0.5496063845693779,1.3706388307416268,1.3706388307416268,1
Connecticut,38.6,2016,50.4,85720.0,50.54,Connecticut2016,0.0,0.16194969596462133,0.44511147963884284,1.4134918002579695,1.4134918002579695,0
Delaware,31.0,2016,56.6,65536.0,32.74,Delaware2016,0.007606144870214561,0.16497383444338726,0.6682611798287346,1.3764700285442435,1.3764700285442435,0
District of Columbia,56.8,2016,60.1,80141.0,34.38,District of Columbia2016,0.0,0.34526924101198403,0.4648548601864181,2.3775392809587217,2.3775392809587217,0
Florida,28.6,2016,73.2,57779.0,29.03,Florida2016,0.023882117055472454,0.10449874494415276,0.47818910238844253,1.2805115585710998,1.2805115585710998,1
Georgia,30.5,2016,65.3,60434.0,28.1,Georgia2016,0.003532889790796398,0.1129428011551155,0.6088741749174917,1.232207508250825,1.232207508250825,0
Hawaii,31.9,2016,78.2,81440.0,70.01,Hawaii2016,0.0023231322017098254,0.13415571542765786,0.4802398081534772,1.4626586730615507,1.4626586730615507,0
Idaho,27.6,2016,46.1,63863.0,23.7,Idaho2016,0.0006580007961809633,0.09302351351351351,0.7299513513513514,1.3199202702702704,1.3199202702702704,0
Illinois,34.0,2016,53.0,69307.0,27.69,Illinois2016,0.002718406863292203,0.13408483277675323,0.6522171825416604,1.2966935818837328,1.2966935818837328,0
Indiana,25.6,2016,52.5,63332.0,27.11,Indiana2016,0.0005149834432822985,0.11363280493909561,0.9267729017186718,1.284000667445353,1.284000667445353,0
Iowa,28.4,2016,49.1,66719.0,25.07,Iowa2016,0.0,0.1303834906000144,1.1053965281279263,1.488638622776057,1.488638622776057,0
Kansas,32.8,2016,56.3,64140.0,31.03,Kansas2016,0.00030601034927001233,0.12386212752817663,0.8436050640728733,1.4791971591786321,1.4791971591786321,0
Kentucky,23.4,2016,56.5,51223.0,24.77,Kentucky2016,0.0,0.09826701675418854,0.8522750687671918,1.2496414103525881,1.2496414103525881,0
Louisiana,23.4,2016,68.2,47641.0,22.68,Louisiana2016,0.0,0.10650035173287062,1.890279979365005,1.2621966890212446,1.2621966890212446,0
Maine,30.1,2016,41.9,57418.0,37.51,Maine2016,0.0002443619587077162,0.10548739495798319,0.6863182773109243,1.4473511904761904,1.4473511904761904,0
Maryland,39.3,2016,55.6,83277.0,35.79,Maryland2016,0.0009615282428678643,0.13723618730754256,0.49079672955084414,1.2951052985523661,1.2951052985523661,0
Massachusetts,42.7,2016,49.0,81591.0,48.3,Massachusetts2016,0.0005205010169288618,0.16108601477400775,0.4463609615625391,1.4742071491173157,1.4742071491173157,0
Michigan,28.3,2016,45.6,64458.0,32.44,Michigan2016,0.0003386325218364103,0.10922425700663904,0.6251815710912089,1.2422095976473733,1.2422095976473733,0
Minnesota,34.8,2016,43.4,79278.0,29.42,Minnesota2016,0.0005764455693672982,0.13577238467305947,0.725669073832919,1.4593200741880747,1.4593200741880747,0
Mississippi,21.8,2016,65.3,46402.0,25.59,Mississippi2016,0.0,0.08110318240229798,0.810105828104921,1.1952415148537305,1.1952415148537305,0
Missouri,28.5,2016,55.8,62115.0,28.56,Missouri2016,8.897137523944421e-05,0.11074840822936219,0.6557197011519635,1.36195097714475,1.36195097714475,0
Montana,31.0,2016,44.8,64440.0,26.69,Montana2016,0.012465973558536812,0.10211200897867564,0.9122828282828283,1.4989203142536476,1.4989203142536476,0
Nebraska,31.4,2016,50.7,67035.0,26.52,Nebraska2016,0.0015708069806662222,0.13832794754712563,1.0190492916520313,1.534851890879288,1.534851890879288,0
Nevada,23.5,2016,52.3,62583.0,24.58,Nevada2016,0.0011457356673241917,0.10901809304997127,0.5221087018954623,1.2383263928776564,1.2383263928776564,0
New Hampshire,36.6,2016,44.3,86100.0,45.88,New Hampshire2016,0.001699745604741157,0.13214720133667504,0.5134335839598998,1.4588571428571429,1.4588571428571429,0
New Jersey,38.6,2016,54.2,77303.0,39.3,New Jersey2016,0.011903587263653221,0.13770272533677888,0.5122479841121719,1.2899885148230565,1.2899885148230565,0
New Mexico,27.2,2016,54.8,54703.0,26.87,New Mexico2016,0.0012099268447981464,0.0974800738408079,0.7314996199370182,1.1863600825279619,1.1863600825279619,0
New York,35.7,2016,46.3,69364.0,42.41,New York2016,0.034942329821244116,0.16419225477329497,0.39888171542271705,1.2974827484018459,1.2974827484018459,1
North Carolina,30.4,2016,60.4,60701.0,26.96,North Carolina2016,0.002143040630640462,0.11350058257454798,0.5652243990851422,1.2569304794372762,1.2569304794372762,0
North Dakota,29.6,2016,43.3,67950.0,26.25,North Dakota2016,0.0,0.14841335997716243,1.666163288609763,1.6463145874964316,1.6463145874964316,0
Ohio,27.5,2016,51.8,60951.0,28.95,Ohio2016,0.00046868871761866933,0.1202889759524453,0.707873740687845,1.3377338171150654,1.3377338171150654,0
Oklahoma,25.2,2016,60.9,57516.0,23.15,Oklahoma2016,0.0002175139317673297,0.10359782795084309,0.9287905115747357,1.3071866247499286,1.3071866247499286,0
Oregon,32.7,2016,49.9,66765.0,25.88,Oregon2016,0.02399607435008385,0.11143650458812361,0.5211254087121612,1.2922244488977956,1.2922244488977956,1
Pennsylvania,30.8,2016,49.7,68847.0,29.96,Pennsylvania2016,0.007844031349403972,0.12785280143591188,0.662082952065883,1.3362661012177095,1.3362661012177095,0
Rhode Island,34.1,2016,50.9,69467.0,47.71,Rhode Island2016,0.00022922793738409662,0.1181085255354201,0.38132825370675455,1.3045737232289951,1.3045737232289951,0
South Carolina,27.2,2016,64.4,61347.0,28.68,South Carolina2016,0.006520474016726102,0.09761330429258554,0.7524285325347128,1.2251955712859606,1.2251955712859606,0
South Dakota,28.9,2016,47.3,64863.0,28.82,South Dakota2016,0.0,0.13255501618122978,1.0466477885652643,1.610906148867314,1.610906148867314,0
Tennessee,26.1,2016,58.9,57969.0,27.11,Tennessee2016,0.0,0.11052068070567365,0.7251312460987549,1.2982864088833403,1.2982864088833403,0
Texas,28.9,2016,66.0,65649.0,25.01,Texas2016,0.01717094709538286,0.11897518799258577,0.9784713452583673,1.2570495335975527,1.2570495335975527,1
Utah,32.6,2016,50.3,76188.0,25.65,Utah2016,0.0012757759907463715,0.11026849717040452,0.5643198490882415,1.3506197163417872,1.3506197163417872,0
Vermont,36.4,2016,43.4,68687.0,42.39,Vermont2016,0.0008711939713377183,0.1168309963099631,0.49917343173431733,1.6006568265682657,1.6006568265682657,0
Virginia,38.1,2016,56.5,75025.0,26.65,Virginia2016,0.0032382221235335478,0.12784707974637868,0.6238313830609825,1.3290996958606114,1.3290996958606114,0
Washington,35.1,2016,49.8,79382.0,22.69,Washington2016,0.1240267933300087,0.14148111262739177,0.5970779013385209,1.2524859905345374,1.2524859905345374,2
West Virginia,20.8,2016,53.0,50077.0,26.32,West Virginia2016,0.0,0.08911220002512878,0.9578665661515265,1.1185035808518657,1.1185035808518657,0
Wisconsin,29.5,2016,44.9,67535.0,31.3,Wisconsin2016,0.0,0.12080206931035808,0.6927235662910112,1.4069248817262203,1.4069248817262203,0
Wyoming,27.1,2016,43.9,65291.0,24.12,Wyoming2016,0.0,0.1387432327919567,1.9527610208816706,1.5395591647331786,1.5395591647331786,0
Alabama,25.5,2017,66.1,56219.0,28.85,Alabama2017,0.0006293988321262594,0.0987194903169419,0.8759400156400938,1.2186195317171904,1.2186195317171904,0
Alaska,28.8,2017,4.5,86196.0,56.05,Alaska2017,0.0,0.15449710144927536,1.743455072463768,1.3202869565217392,1.3202869565217392,0
Arizona,29.4,2017,62.2,65984.0,31.18,Arizona2017,0.042147093355811786,0.1060911995909759,0.4893842270083722,1.1953588547325367,1.1953588547325367,1
Arkansas,23.4,2017,63.3,54988.0,24.23,Arkansas2017,0.012947930974579974,0.09266548123486683,0.8003185532687651,1.2408459443099273,1.2408459443099273,0
California,33.6,2017,59.9,77410.0,47.17,California2017,0.7330545852096974,0.1420007441560334,0.40414401240606984,1.2254628858683208,1.2254628858683208,2
Colorado,41.2,2017,47.3,82877.0,29.32,Colorado2017,0.11680292741188242,0.12921193842054624,0.5467052771815558,1.3917204500037006,1.3917204500037006,2
Connecticut,38.7,2017,52.0,82125.0,51.44,Connecticut2017,0.00929097569833968,0.16758856578378714,0.44968142248564547,1.4201617583503119,1.4201617583503119,0
Delaware,31.5,2017,57.8,71799.0,32.21,Delaware2017,0.021469516864305496,0.16243162901307967,0.6659785969084423,1.3905160523186681,1.3905160523186681,1
District of Columbia,57.3,2017,60.4,89838.0,34.57,District of Columbia2017,0.004323991909330694,0.3485312581742087,0.4365079780277269,2.3615275961286946,2.3615275961286946,0
Florida,29.7,2017,73.0,58674.0,30.53,Florida2017,0.030262931393008903,0.10848904991077706,0.46991348077651,1.3084351916941546,1.3084351916941546,1
Georgia,30.9,2017,66.5,64089.0,28.8,Georgia2017,0.009756635572693299,0.11759416309716557,0.5996509745250344,1.2559281044412107,1.2559281044412107,0
Hawaii,32.9,2017,78.1,81346.0,76.4,Hawaii2017,0.044888033630895455,0.14251209150326796,0.5038823529411764,1.5051029411764707,1.5051029411764707,1
Idaho,26.8,2017,44.5,65760.0,24.2,Idaho2017,0.0021817943804249406,0.09553849227490677,0.742013851891316,1.342289557805008,1.342289557805008,0
Illinois,34.4,2017,55.2,72913.0,28.02,Illinois2017,0.020726639466442605,0.13848496650830158,0.6531203518726811,1.3133266741652256,1.3133266741652256,1
Indiana,26.8,2017,54.8,64953.0,28.75,Indiana2017,0.006323404556388849,0.11758462000200087,0.8918651415613432,1.3017030713309101,1.3017030713309101,0
Iowa,28.9,2017,51.1,70148.0,25.6,Iowa2017,0.0,0.13412885174418604,1.1426584302325582,1.498438226744186,1.498438226744186,0
Kansas,33.7,2017,57.2,62889.0,31.36,Kansas2017,0.002532263570147246,0.12895815442267156,0.8397977984229839,1.4938316808494028,1.4938316808494028,0
Kentucky,24.0,2017,58.7,54901.0,25.24,Kentucky2017,0.000827870863971947,0.10145351291587094,0.8354271786109156,1.2664463765202534,1.2664463765202534,0
Louisiana,23.8,2017,69.4,48151.0,23.65,Louisiana2017,0.004606185531395472,0.11402732343764772,1.9893693864044626,1.272883615391888,1.272883615391888,0
Maine,32.1,2017,43.4,58928.0,38.16,Maine2017,0.002582424535099023,0.10910199789695058,0.6742551699964949,1.462018927444795,1.462018927444795,0
Maryland,39.7,2017,57.0,90734.0,35.12,Maryland2017,0.017738765780525627,0.14180410361812962,0.4772327155462632,1.310020553527765,1.310020553527765,1
Massachusetts,43.4,2017,50.6,84269.0,50.18,Massachusetts2017,0.0029432167457259964,0.16609571473256177,0.4476330935251799,1.49460494213325,1.49460494213325,0
Michigan,29.1,2017,47.6,62342.0,33.12,Michigan2017,0.0007060687839929909,0.11230327428878153,0.6257950885668278,1.2594227500447308,1.2594227500447308,0
Minnesota,36.1,2017,44.7,77341.0,30.28,Minnesota2017,0.004193483606041785,0.1387628594969985,0.7306509200769019,1.4657060462196414,1.4657060462196414,0
Mississippi,21.9,2017,66.7,47837.0,26.83,Mississippi2017,0.0,0.08371585701191568,0.8159929728078216,1.2161655973113352,1.2161655973113352,0
Missouri,29.1,2017,57.8,62481.0,29.41,Missouri2017,0.0005604726652810537,0.11363721221959858,0.6427859356552539,1.37836186540732,1.37836186540732,0
Montana,32.3,2017,43.9,63450.0,26.89,Montana2017,0.03896762968064668,0.10629413053000439,0.9261125711782742,1.4770061322820849,1.4770061322820849,1
Nebraska,31.7,2017,51.6,65855.0,26.6,Nebraska2017,0.005021859860569538,0.14308992594334077,1.0265698836252497,1.5489925943340779,1.5489925943340779,0
Nevada,24.9,2017,51.8,64151.0,25.68,Nevada2017,0.025298136147886223,0.11315192280602902,0.5338463163825891,1.2541400197210875,1.2541400197210875,1
New Hampshire,36.9,2017,46.0,83591.0,47.39,New Hampshire2017,0.0027701872448707013,0.1348469131671407,0.5316797724611009,1.476481512464447,1.476481512464447,0
New Jersey,39.7,2017,55.4,78739.0,39.14,New Jersey2017,0.0214385326896533,0.14051453175457482,0.4997356775505322,1.303380456883148,1.303380456883148,1
New Mexico,27.1,2017,55.8,50401.0,28.27,New Mexico2017,0.00246105786111102,0.10139956043956044,0.7520505494505495,1.2037428571428572,1.2037428571428572,0
New York,36.0,2017,48.0,68021.0,43.19,New York2017,0.06333503906939132,0.1705459618021235,0.4013319304063174,1.3169834943510932,1.3169834943510932,1
North Carolina,31.3,2017,61.4,54762.0,26.5,North Carolina2017,0.004641464918662849,0.1175874849939976,0.5520380294975132,1.2690516206482594,1.2690516206482594,0
North Dakota,30.7,2017,44.1,66500.0,25.78,North Dakota2017,0.0,0.16033198263386395,1.8350072358900145,1.6586512301013026,1.6586512301013026,0
Ohio,28.0,2017,54.2,67076.0,28.96,Ohio2017,0.0031050108143401123,0.12464030888030889,0.6981675675675676,1.349007528957529,1.349007528957529,0
Oklahoma,25.5,2017,62.5,57343.0,24.26,Oklahoma2017,0.0011213913625951687,0.10943774408453939,0.9461911325522628,1.3162169767976108,1.3162169767976108,0
Oregon,33.7,2017,48.2,69077.0,25.82,Oregon2017,0.027812696722964145,0.11596249218587205,0.5424796832673474,1.310736090852261,1.310736090852261,1
Pennsylvania,31.4,2017,51.5,67736.0,29.79,Pennsylvania2017,0.01467534879719273,0.1321672539263771,0.666975937107141,1.3567415053915752,1.3567415053915752,1
Rhode Island,33.5,2017,52.4,72285.0,48.13,Rhode Island2017,0.005472112449531659,0.1199607600165221,0.37654894671623296,1.3194857496902106,1.3194857496902106,0
South Carolina,28.0,2017,65.6,60278.0,29.21,South Carolina2017,0.008294620496228436,0.10058870967741936,0.742376103802487,1.2430645161290323,1.2430645161290323,0
South Dakota,28.1,2017,48.1,62905.0,29.46,South Dakota2017,0.0,0.134743830472103,1.0572451716738198,1.6128674892703863,1.6128674892703863,0
Tennessee,27.3,2017,61.1,61128.0,27.75,Tennessee2017,0.0,0.1146644115436154,0.7012710396444096,1.3181145210314738,1.3181145210314738,0
Texas,29.6,2017,67.5,66417.0,24.88,Texas2017,0.036529830024389504,0.12446974239189461,0.9799450267427415,1.2723843069575762,1.2723843069575762,1
Utah,34.6,2017,50.2,77135.0,25.32,Utah2017,0.02767411994136546,0.11548989933575292,0.5666321988632472,1.3663582825446825,1.3663582825446825,1
Vermont,38.3,2017,45.0,70385.0,42.79,Vermont2017,0.02928772258669166,0.11954835124120045,0.49676176361615415,1.6148981104112634,1.6148981104112634,1
Virginia,38.7,2017,57.7,78265.0,26.89,Virginia2017,0.02804998186900843,0.1314055172768408,0.6173969045660223,1.3441652097902097,1.3441652097902097,1
Washington,35.5,2017,47.9,79071.0,23.44,Washington2017,0.16792189393201437,0.1486575844304522,0.5939725243274184,1.268540641099027,1.268540641099027,2
West Virginia,20.2,2017,55.0,51900.0,26.4,West Virginia2017,0.0,0.09646738009283136,0.9708818978855079,1.146027591542032,1.146027591542032,0
Wisconsin,30.4,2017,46.5,70164.0,31.54,Wisconsin2017,0.0,0.1233617796380266,0.704548695888075,1.4258272293919312,1.4258272293919312,0
Wyoming,27.6,2017,43.4,65803.0,24.4,Wyoming2017,0.0,0.14733346613545817,2.1308366533864542,1.589398406374502,1.589398406374502,0
Alabama,25.5,2018,64.0,53879.0,28.27,Alabama2018,0.005552440019766686,0.10332762520193861,0.903029309946919,1.2426009693053313,1.2426009693053313,0
Alaska,30.2,2018,6.7,74161.0,56.8,Alaska2018,0.013095432967752497,0.16223286052009456,1.78677304964539,1.3440602836879432,1.3440602836879432,1
Arizona,29.7,2018,63.5,67201.0,31.8,Arizona2018,0.11142366412852062,0.11031051130129471,0.4834659393711402,1.2083996363522367,1.2083996363522367,1
Arkansas,23.3,2018,61.8,53712.0,22.83,Arkansas2018,0.020517585959457685,0.09636972948466072,0.8438544657699864,1.2527965845549343,1.2527965845549343,1
California,34.2,2018,60.9,76055.0,48.7,California2018,1.1029464230539752,0.151632709991783,0.41164387361501464,1.2601935970104727,1.2601935970104727,2
Colorado,41.7,2018,48.3,78801.0,29.41,Colorado2018,0.18941405656951457,0.13594802585923518,0.557807808904635,1.4090909090909092,1.4090909090909092,2
Connecticut,39.6,2018,50.3,78561.0,53.97,Connecticut2018,0.04316186694971872,0.17524760533400113,0.47339823452075375,1.4490001878169412,1.4490001878169412,1
Delaware,31.3,2018,57.1,70145.0,31.12,Delaware2018,0.0200755486739754,0.17203408820023838,0.7164886769964243,1.4231203814064362,1.4231203814064362,1
District of Columbia,60.4,2018,60.8,92521.0,35.27,District of Columbia2018,0.042913748134444006,0.36272715472481826,0.4531100726895119,2.373335929387331,2.373335929387331,1
Florida,30.4,2018,72.2,58959.0,30.24,Florida2018,0.10995355187381113,0.11340656676713827,0.47636918489278857,1.3468281720960666,1.3468281720960666,1
Georgia,31.9,2018,64.9,60229.0,28.19,Georgia2018,0.04396384058441549,0.1227415437280952,0.6120504931127231,1.2811461814328795,1.2811461814328795,1
Hawaii,33.5,2018,78.1,86433.0,85.59,Hawaii2018,0.18940434786022156,0.14903613265137766,0.5054314469559479,1.525086619369741,1.525086619369741,2
Idaho,27.7,2018,45.2,63365.0,23.95,Idaho2018,0.017702839468647605,0.10073591045164648,0.7242834830144474,1.3552661720682024,1.3552661720682024,1
Illinois,35.1,2018,53.7,75684.0,28.33,Illinois2018,0.032516236343906546,0.14678937819001917,0.681268377053906,1.3363042409238126,1.3363042409238126,1
Indiana,27.1,2018,53.2,64621.0,28.68,Indiana2018,0.029081271927679234,0.12454007875592338,0.9364506440632717,1.3226463325101783,1.3226463325101783,1
Iowa,29.0,2018,49.5,74144.0,26.13,Iowa2018,0.0,0.13954867385601866,1.1902732439522006,1.5127455552317108,1.5127455552317108,0
Kansas,33.8,2018,56.2,68987.0,31.68,Kansas2018,0.012920810811642265,0.13529831998743916,0.8920018841262365,1.5117090595069869,1.5117090595069869,0
Kentucky,24.8,2018,56.9,58863.0,25.06,Kentucky2018,0.00505243498329212,0.1045983248909173,0.8750779878629821,1.2766808766738553,1.2766808766738553,0
Louisiana,24.3,2018,67.7,53919.0,23.4,Louisiana2018,0.012668715255508552,0.12314229514488581,2.036849932834389,1.3074021301093839,1.3074021301093839,0
Maine,31.5,2018,41.8,63295.0,39.38,Maine2018,0.005889794266925476,0.11556141899046947,0.6850900105894812,1.4891846099541122,1.4891846099541122,0
Maryland,40.8,2018,56.1,93031.0,33.9,Maryland2018,0.04556654666435713,0.1479231600172836,0.5011155120265015,1.3507874837966296,1.3507874837966296,1
Massachusetts,44.5,2018,49.0,93163.0,54.23,Massachusetts2018,0.049804584587611625,0.1755102085346467,0.4580003740531779,1.5132449113182258,1.5132449113182258,1
Michigan,29.6,2018,45.9,65222.0,33.46,Michigan2018,0.011408956526915216,0.11631046971763286,0.6508960629569184,1.277695901987525,1.277695901987525,0
Minnesota,36.7,2018,42.3,77488.0,30.55,Minnesota2018,0.01183895979054148,0.14631712881022615,0.7630969518190757,1.4854654867256638,1.4854654867256638,0
Mississippi,23.2,2018,64.7,46159.0,27.28,Mississippi2018,0.0027867370701458068,0.08590590307020901,0.8466595207105122,1.2271411071127785,1.2271411071127785,0
Missouri,29.5,2018,56.5,66600.0,29.1,Missouri2018,0.016268547095065398,0.11761247273668256,0.6879091345976119,1.3961180732690104,1.3961180732690104,1
Montana,31.7,2018,43.7,62233.0,26.65,Montana2018,0.301648466914728,0.11287275548658834,0.9672267789847041,1.5163289736200398,1.5163289736200398,2
Nebraska,32.4,2018,50.5,72911.0,26.45,Nebraska2018,0.018740300430441274,0.1500301204819277,1.0737833687691944,1.5712130876446964,1.5712130876446964,1
Nevada,24.9,2018,53.0,66749.0,25.42,Nevada2018,0.059044851735955896,0.1191862793139657,0.543638781939097,1.2943059152957648,1.2943059152957648,1
New Hampshire,36.8,2018,44.3,87769.0,49.87,New Hampshire2018,0.047932870311011344,0.141099932705249,0.5478718034993271,1.5015612382234185,1.5015612382234185,1
New Jersey,40.8,2018,54.0,80033.0,38.86,New Jersey2018,0.05446122778118059,0.14999792384162575,0.5359231577147603,1.3556239466549425,1.3556239466549425,1
New Mexico,27.7,2018,56.4,52096.0,27.57,New Mexico2018,0.009912072294080511,0.10687616745412593,0.7725524667618943,1.2201999780243928,1.2201999780243928,0
New York,37.2,2018,46.2,72586.0,43.46,New York2018,0.18579271381068369,0.18560979183066562,0.4314300708475466,1.3836290781072333,1.3836290781072333,2
North Carolina,31.9,2018,60.2,57583.0,27.12,North Carolina2018,0.04847101212482479,0.1212781017064992,0.5734674611819482,1.2935091091604194,1.2935091091604194,1
North Dakota,29.7,2018,42.1,71756.0,26.16,North Dakota2018,0.0,0.17030382293762575,1.9061598160390918,1.6623972405863754,1.6623972405863754,0
Ohio,29.0,2018,52.4,66500.0,29.24,Ohio2018,0.031106131426880824,0.12904588362735994,0.7278000232126277,1.3670260755184154,1.3670260755184154,1
Oklahoma,25.6,2018,61.4,58732.0,23.91,Oklahoma2018,0.027310199896776702,0.11614765369850455,0.9828075402509597,1.3243854924654788,1.3243854924654788,1
Oregon,34.0,2018,48.9,74626.0,25.93,Oregon2018,0.052330240766130846,0.12194070455129855,0.5253412188223193,1.3216333247621497,1.3216333247621497,1
Pennsylvania,31.8,2018,49.9,69619.0,29.7,Pennsylvania2018,0.02884148327499111,0.13767430360382796,0.6996735920879433,1.3809338645985272,1.3809338645985272,1
Rhode Island,34.4,2018,51.0,67183.0,53.05,Rhode Island2018,0.030563607475955417,0.12255229433650269,0.40420835055808185,1.3409156676312526,1.3409156676312526,1
South Carolina,28.3,2018,64.2,61980.0,28.33,South Carolina2018,0.009835065944117155,0.10486508114912557,0.7530989524794317,1.2783401519579194,1.2783401519579194,0
South Dakota,29.2,2018,46.9,64158.0,29.21,South Dakota2018,0.005573219565344606,0.13991252006420546,1.0879534510433386,1.6325227394328519,1.6325227394328519,0
Tennessee,27.5,2018,59.0,60487.0,28.15,Tennessee2018,0.015096294669170172,0.11828609129117389,0.7275893526211188,1.3421601016518425,1.3421601016518425,1
Texas,30.3,2018,66.7,64506.0,25.16,Texas2018,0.06878974899379535,0.13297152284786218,1.0295772888281376,1.2939457942002146,1.2939457942002146,1
Utah,34.9,2018,51.3,83152.0,24.16,Utah2018,0.05195104440800878,0.12316873664529915,0.5637813835470086,1.3820345886752137,1.3820345886752137,1
Vermont,38.7,2018,43.1,75599.0,44.35,Vermont2018,0.05542780185247959,0.12306215109787869,0.5159732043170823,1.6287234834387794,1.6287234834387794,1
Virginia,39.3,2018,56.6,83243.0,27.79,Virginia2018,0.10065075656379725,0.1378123302904135,0.6467826941477669,1.3700804261811788,1.3700804261811788,1
Washington,36.7,2018,47.7,86021.0,23.63,Washington2018,0.19103259797250466,0.15854631528671367,0.5771893349815975,1.2748919731407862,1.2748919731407862,2
West Virginia,21.3,2018,53.1,54566.0,25.55,West Virginia2018,0.017853380894740038,0.10275450888802387,1.078644089788504,1.1649889710652654,1.1649889710652654,1
Wisconsin,30.0,2018,44.4,67574.0,31.02,Wisconsin2018,0.3049554542763224,0.1288554487676329,0.735002712757712,1.4420031778018911,1.4420031778018911,2
Wyoming,26.9,2018,43.9,67477.0,23.87,Wyoming2018,0.005404183820856219,0.15618700159489632,2.2233014354066984,1.6130821371610846,1.6130821371610846,0
Alabama,26.3,2019,65.0,59558.0,28.85,Alabama2019,0.02560324080132454,0.10723933682211828,0.8921094799240494,1.2560380678923726,1.2560380678923726,1
Alaska,30.2,2019,7.5,83079.0,59.36,Alaska2019,0.02352730287481234,0.1630271075364909,1.8042567768841227,1.3547363717605005,1.3547363717605005,1
Arizona,30.2,2019,61.8,74897.0,30.83,Arizona2019,0.22623005056613624,0.11545653252309791,0.48254976126992,1.2184488745581943,1.2184488745581943,2
Arkansas,23.3,2019,61.6,57799.0,24.11,Arkansas2019,0.03236917552213623,0.10022722425350396,0.8352201401584399,1.2676828153564899,1.2676828153564899,1
California,35.0,2019,59.9,82772.0,49.6,California2019,0.0,0.1603037859310461,0.41042058290483013,1.2764359247239316,1.2764359247239316,0
Colorado,42.7,2019,46.9,76832.0,29.87,Colorado2019,0.27291240958914964,0.14194448641842058,0.563645259938838,1.401466810577442,1.401466810577442,2
Connecticut,39.8,2019,50.9,92507.0,54.68,Connecticut2019,0.09944859166043461,0.18220276584996212,0.4644588279868654,1.451165066936095,1.451165066936095,1
Delaware,33.2,2019,57.4,78628.0,31.05,Delaware2019,0.05998176932050574,0.1857611687998068,0.7211205022941318,1.4557160106254527,1.4557160106254527,1
District of Columbia,59.7,2019,59.8,98675.0,35.97,District of Columbia2019,0.15802129852284438,0.37293654493654493,0.43355866355866357,2.3703418803418805,2.3703418803418805,2
Florida,30.7,2019,72.6,61856.0,30.61,Florida2019,0.15120155884522105,0.11930441410107775,0.4692844261239212,1.3699155180557345,1.3699155180557345,2
Georgia,32.5,2019,65.6,60012.0,28.91,Georgia2019,0.13361832479882954,0.12983424571114593,0.6015334052382019,1.3023046867050612,1.3023046867050612,2
Hawaii,33.6,2019,80.9,93265.0,84.23,Hawaii2019,0.20220805585671886,0.1545530519589709,0.5175113502606357,1.5371834538422735,1.5371834538422735,2
Idaho,28.7,2019,44.2,69932.0,23.12,Idaho2019,0.03885945829250876,0.10602405938059892,0.7243383670335296,1.361809572562068,1.361809572562068,1
Illinois,35.8,2019,52.6,78845.0,28.25,Illinois2019,0.10004975885116506,0.1528393154756791,0.6789608425972062,1.3504412295321386,1.3504412295321386,1
Indiana,26.9,2019,52.8,70679.0,29.14,Indiana2019,0.05887522249756288,0.12734122953558302,0.9285302372201805,1.3264537253591715,1.3264537253591715,1
Iowa,29.3,2019,47.6,70002.0,26.62,Iowa2019,0.0,0.1432608886611522,1.2043386282116975,1.5160617817143693,1.5160617817143693,0
Kansas,34.0,2019,54.7,77523.0,30.33,Kansas2019,0.05775238690509499,0.1400415609137056,0.8959065672588833,1.5264427347715737,1.5264427347715737,1
Kentucky,25.1,2019,57.4,58989.0,25.33,Kentucky2019,0.027738386872014603,0.11083225119204626,0.874118900273917,1.2936136755605154,1.2936136755605154,1
Louisiana,25.0,2019,68.2,54797.0,23.4,Louisiana2019,0.021263685255968095,0.12405044913814033,2.0791672736100995,1.3196873027433844,1.3196873027433844,1
Maine,33.2,2019,41.7,70523.0,41.14,Maine2019,0.04119100859126751,0.1209338028169014,0.6765158450704225,1.4832271126760563,1.4832271126760563,1
Maryland,40.9,2019,56.2,101283.0,32.93,Maryland2019,0.15559172474603986,0.15257932561431525,0.4918975717759791,1.3587906065115605,1.3587906065115605,2
Massachusetts,45.0,2019,49.6,92949.0,53.92,Massachusetts2019,0.13290735313761418,0.18507382192382507,0.45962069398255634,1.5288288260023843,1.5288288260023843,2
Michigan,30.0,2019,44.8,67951.0,33.93,Michigan2019,0.05841430931612878,0.12003089760938204,0.649562246278755,1.2886517816869643,1.2886517816869643,1
Minnesota,37.3,2019,40.3,86292.0,30.43,Minnesota2019,0.029561799404408683,0.15175550373503022,0.7511683332674598,1.4954440535947195,1.4954440535947195,1
Mississippi,22.3,2019,65.3,47463.0,27.39,Mississippi2019,0.006699244846233722,0.08859500542888164,0.8478594695207073,1.2468559019699086,1.2468559019699086,0
Missouri,30.2,2019,55.4,64218.0,28.38,Missouri2019,0.06055179589904072,0.12369263392857142,0.671766369047619,1.4061941964285714,1.4061941964285714,1
Montana,33.6,2019,41.5,63792.0,27.19,Montana2019,0.09427989743075893,0.11498095659875997,0.9874047829937999,1.5200597874224977,1.5200597874224977,1
Nebraska,33.2,2019,48.5,77437.0,26.62,Nebraska2019,0.07297582732378151,0.15653715574548907,1.076945631528965,1.577412155745489,1.577412155745489,1
Nevada,25.7,2019,51.6,75143.0,25.73,Nevada2019,0.18553313185963244,0.1262902398447248,0.5400949674199362,1.3061243587966171,1.3061243587966171,2
New Hampshire,37.6,2019,44.4,92093.0,50.28,New Hampshire2019,0.13225052787787983,0.1473813702328721,0.5394313196085049,1.5020418494768815,1.5020418494768815,2
New Jersey,41.2,2019,54.4,92969.0,39.43,New Jersey2019,0.12200384880464646,0.15751739130434783,0.5185158102766798,1.3763374505928854,1.3763374505928854,2
New Mexico,27.7,2019,55.4,56287.0,26.48,New Mexico2019,0.036146248969754005,0.11243938726030417,0.8138461538461539,1.2309664976856953,1.2309664976856953,1
New York,37.8,2019,46.2,76149.0,42.04,New York2019,0.3279639437664238,0.1981715590634977,0.42589881163533166,1.413018690138347,1.413018690138347,2
North Carolina,32.3,2019,60.9,64814.0,27.7,North Carolina2019,0.07089689669579699,0.12654498627104574,0.565390689853345,1.308949149656244,1.308949149656244,1
North Dakota,30.4,2019,39.6,74216.0,25.98,North Dakota2019,0.008738203425375743,0.17169141531322504,1.9833961716937354,1.6874303944315545,1.6874303944315545,0
Ohio,29.3,2019,52.4,68527.0,28.19,Ohio2019,0.05297012512072576,0.13567251780640643,0.7079105203751995,1.3763058031370412,1.3763058031370412,1
Oklahoma,26.2,2019,60.3,62946.0,23.24,Oklahoma2019,0.06023266060250189,0.11678820636010066,0.963736559139785,1.3211233127430795,1.3211233127430795,1
Oregon,34.5,2019,48.3,78860.0,25.81,Oregon2019,0.2120299073764089,0.12642314379218655,0.5254540805890775,1.318394866025772,1.318394866025772,2
Pennsylvania,32.3,2019,50.0,74800.0,28.84,Pennsylvania2019,0.10227728038502183,0.14365044986800282,0.6858132643715317,1.3959818975270728,1.3959818975270728,1
Rhode Island,34.8,2019,51.7,74344.0,54.18,Rhode Island2019,0.059267404440767904,0.12969240479697033,0.40096991373869134,1.3697391121397013,1.3697391121397013,1
South Carolina,29.6,2019,64.8,65735.0,29.36,South Carolina2019,0.0979323722562697,0.11034279818777196,0.7359938097160543,1.2929350020185708,1.2929350020185708,1
South Dakota,29.7,2019,44.1,68095.0,29.18,South Dakota2019,0.029165743084802315,0.14670279815267592,1.102836185819071,1.6596033686498235,1.6596033686498235,1
Tennessee,28.7,2019,59.6,60011.0,28.48,Tennessee2019,0.09568795567327529,0.12336627397527018,0.7048210171031707,1.3529844546133125,1.3529844546133125,1
Texas,30.8,2019,66.3,71474.0,25.51,Texas2019,0.1441008503874725,0.13557085758464255,1.0381818447040976,1.3057707175470075,1.3057707175470075,2
Utah,34.8,2019,49.9,89574.0,24.25,Utah2019,0.2166777880854342,0.12915745547742655,0.5619530787934547,1.382030623644608,1.382030623644608,2
Vermont,38.7,2019,43.1,78746.0,45.02,Vermont2019,0.1766519376055677,0.1289295668549906,0.5156497175141243,1.6331525423728814,1.6331525423728814,2
Virginia,39.6,2019,56.9,86172.0,27.89,Virginia2019,0.20627381138403011,0.14559617844370776,0.6423822078362786,1.3912884700723067,1.3912884700723067,2
Washington,37.0,2019,48.0,87381.0,23.76,Washington2019,0.2906675570915309,0.1664984055944056,0.5814441958041958,1.283793846153846,1.283793846153846,2
West Virginia,21.1,2019,53.7,56916.0,24.89,West Virginia2019,0.03726851593042713,0.10438952493749178,1.0915304645348072,1.1601500197394394,1.1601500197394394,1
Wisconsin,31.3,2019,43.0,71380.0,31.23,Wisconsin2019,0.21012963566385445,0.13462657931679925,0.7205763531430354,1.4503540789268445,1.4503540789268445,2
Wyoming,29.1,2019,42.2,69027.0,23.91,Wyoming2019,0.029049174646695784,0.15853638922396462,2.1981141938078004,1.6414756735022116,1.6414756735022116,1
Alabama,27.8,2020,65.6,57243.0,28.89,Alabama2020,0.04534788658213519,0.10295732631766699,0.8198769285650584,1.1911410862391867,1.1911410862391867,1
Alaska,31.9,2020,-6.4,78236.0,58.22,Alaska2020,0.0613518440611415,0.15053742916790933,1.9091321204891143,1.2848911422606621,1.2848911422606621,1
Arizona,33.0,2020,60.4,70220.0,30.59,Arizona2020,0.3320307151232895,0.1121729544053316,0.4427803059217287,1.1508869381403952,1.1508869381403952,2
Arkansas,24.9,2020,61.5,53148.0,24.43,Arkansas2020,0.06602195917871434,0.10254045158821279,0.7919334098737084,1.2556004592422503,1.2556004592422503,1
California,36.9,2020,58.3,81278.0,52.86,California2020,0.0,0.1574507681800883,0.3609046122085112,1.2071654754270997,1.2071654754270997,0
Colorado,44.2,2020,45.4,87689.0,30.16,Colorado2020,0.4179306271765949,0.13626695225159335,0.5053850172395778,1.3310775606867968,1.3310775606867968,2
Connecticut,42.4,2020,50.2,83141.0,56.08,Connecticut2020,0.25578551666114857,0.17866966364812417,0.43144307891332473,1.4343447606727038,1.4343447606727038,2
Delaware,34.7,2020,57.9,73292.0,30.34,Delaware2020,0.18874048784006348,0.1766509785647717,0.6457222739981361,1.379415191053122,1.379415191053122,2
District of Columbia,63.6,2020,60.6,92337.0,34.87,District of Columbia2020,0.4693362244825176,0.3394792399718508,0.33725779967159275,2.031147079521464,2.031147079521464,2
Florida,33.7,2020,73.5,60460.0,29.49,Florida2020,0.2523224672459652,0.11724165879265093,0.4202764304461942,1.3354433595800526,1.3354433595800526,2
Georgia,34.8,2020,66.5,62033.0,29.09,Georgia2020,0.2711547478830161,0.1201194038450458,0.5238567614804003,1.2151539362744157,1.2151539362744157,2
Hawaii,35.5,2020,79.1,84600.0,80.78,Hawaii2020,0.8183519692449561,0.13565992767915844,0.38217619986850754,1.3440959894806048,1.3440959894806048,2
Idaho,30.9,2020,43.1,69841.0,23.4,Idaho2020,0.11472528817292756,0.1014495867768595,0.6494663518299882,1.272871310507674,1.272871310507674,2
Illinois,37.6,2020,52.6,77805.0,28.79,Illinois2020,0.23005270739645645,0.1468046699672794,0.6189376937967896,1.288181522279136,1.288181522279136,2
Indiana,28.9,2020,53.0,69925.0,29.19,Indiana2020,0.10246036723754419,0.12445696400625977,0.853867745479972,1.2797612626111277,1.2797612626111277,1
Iowa,29.5,2020,47.2,72030.0,26.29,Iowa2020,0.0,0.13713652186020606,1.0624387357282095,1.3996164021164021,1.3996164021164021,0
Kansas,35.1,2020,54.0,76495.0,30.68,Kansas2020,0.13227111529519742,0.13050701844638787,0.7860233703240979,1.3809700889248182,1.3809700889248182,2
Kentucky,27.4,2020,57.9,59405.0,25.27,Kentucky2020,0.04639716582030858,0.10986099290780142,0.8082431610942249,1.2523080040526848,1.2523080040526848,1
Louisiana,27.2,2020,68.0,53576.0,22.84,Louisiana2020,0.06506086915544759,0.11289401369131426,2.039306695149779,1.258953245618294,1.258953245618294,1
Maine,33.5,2020,41.2,66667.0,39.7,Maine2020,0.11177294926125944,0.12069612694079508,0.622932946596144,1.3874884831939942,1.3874884831939942,2
Maryland,43.1,2020,57.0,99215.0,32.68,Maryland2020,0.24057430740976543,0.1536018390460883,0.45327365155309685,1.3533140208574739,1.3533140208574739,2
Massachusetts,46.9,2020,49.0,91912.0,53.32,Massachusetts2020,0.3043866519115512,0.17978072385400026,0.3927771291630822,1.4134032813076072,1.4134032813076072,2
Michigan,32.1,2020,44.8,67399.0,35.85,Michigan2020,0.14132311725211985,0.11790295377779793,0.5917940289710516,1.2214465123659692,1.2214465123659692,2
Minnesota,37.9,2020,39.9,82431.0,31.15,Minnesota2020,0.08378174394170572,0.1461767398556909,0.6716964077895881,1.3997009077507951,1.3997009077507951,1
Mississippi,24.5,2020,65.5,47242.0,26.97,Mississippi2020,0.0192789421948822,0.08551095595335363,0.7704530936641165,1.168827155908787,1.168827155908787,1
Missouri,31.9,2020,55.3,65081.0,28.24,Missouri2020,0.10314476020600831,0.1230439269746647,0.6341788375558868,1.3760622205663189,1.3760622205663189,1
Montana,34.6,2020,39.8,59390.0,27.66,Montana2020,0.2881844380403458,0.11354543482975495,0.9310930383864672,1.4841314248536108,1.4841314248536108,2
Nebraska,33.3,2020,47.6,75622.0,26.3,Nebraska2020,0.13538014456551134,0.14676205016357688,0.9418255179934569,1.42419520174482,1.42419520174482,2
Nevada,28.0,2020,50.0,64020.0,24.43,Nevada2020,0.37741982261852275,0.1149957350393176,0.4731993869119019,1.1801519392243103,1.1801519392243103,2
New Hampshire,40.2,2020,43.8,93045.0,48.75,New Hampshire2020,0.21005804806596864,0.14745067601402104,0.4933199799699549,1.4329861458854949,1.4329861458854949,2
New Jersey,43.1,2020,54.8,89543.0,40.07,New Jersey2020,0.29860790004427173,0.15121833390235576,0.4618480222406477,1.297273569721504,1.297273569721504,2
New Mexico,30.1,2020,54.6,53283.0,27.49,New Mexico2020,0.12260499555256389,0.10916022099447514,0.7731911602209944,1.1819668508287293,1.1819668508287293,2
New York,39.5,2020,45.9,71865.0,43.57,New York2020,0.4946668216487256,0.20059513493581618,0.38651125809499665,1.3680695305478094,1.3680695305478094,2
North Carolina,34.8,2020,61.7,63252.0,27.63,North Carolina2020,0.2576453521731838,0.1208856571936057,0.49872779751332147,1.2222093492652994,1.2222093492652994,2
North Dakota,31.8,2020,38.3,67109.0,25.04,North Dakota2020,0.09274115017574448,0.1572461716266975,1.8083964172204565,1.62,1.62,1
Ohio,30.6,2020,53.0,63198.0,27.79,Ohio2020,0.15412528193720906,0.1352641513163096,0.6728753261127361,1.3545724958494743,1.3545724958494743,2
Oklahoma,27.0,2020,60.2,54921.0,22.6,Oklahoma2020,0.10507840842980501,0.10608595668676044,0.881437262781871,1.2631870953337798,1.2631870953337798,1
Oregon,36.3,2020,47.1,80443.0,25.86,Oregon2020,0.302321965953383,0.12206689967510093,0.4838923894850842,1.227618391257261,1.227618391257261,2
Pennsylvania,34.0,2020,50.4,74094.0,28.46,Pennsylvania2020,0.18163990291106075,0.13657595978547532,0.604101987716162,1.312164008708427,1.312164008708427,2
Rhode Island,38.0,2020,51.2,83918.0,54.34,Rhode Island2020,0.22919739003109227,0.12052875842919476,0.3486314954383181,1.2211939706465689,1.2211939706465689,2
South Carolina,31.7,2020,65.3,63159.0,29.01,South Carolina2020,0.10942949549268169,0.10391305268507539,0.6493901406064713,1.196519566322209,1.196519566322209,1
South Dakota,28.4,2020,42.5,73467.0,29.48,South Dakota2020,0.08923049467540099,0.14488992974238876,1.0320739005984907,1.578711943793911,1.578711943793911,1
Tennessee,30.7,2020,60.1,57542.0,27.98,Tennessee2020,0.2569917641631437,0.11644916582173472,0.626505975973208,1.2662915168832765,1.2662915168832765,2
Texas,33.2,2020,66.2,71599.0,24.81,Texas2020,0.19079981869566218,0.1287721870503597,0.9698388489208634,1.2738605755395684,1.2738605755395684,2
Utah,36.9,2020,48.0,87915.0,24.35,Utah2020,0.5401435434790074,0.13052654010073614,0.5353474105643807,1.3789287098024021,1.3789287098024021,2
Vermont,42.1,2020,42.6,70398.0,47.86,Vermont2020,0.4482774666894166,0.1259948148148148,0.46556296296296296,1.5162592592592592,1.5162592592592592,2
Virginia,42.0,2020,57.8,86053.0,26.84,Virginia2020,0.33831013059431764,0.13698111258669027,0.559022920663027,1.2849827849097437,1.2849827849097437,2
Washington,38.4,2020,46.5,85157.0,24.61,Washington2020,0.5034691844292004,0.16247921857604833,0.4716638392620474,1.175864125536765,1.175864125536765,2
West Virginia,23.1,2020,54.6,54396.0,25.65,West Virginia2020,0.05897814466552511,0.09837797198303559,1.0331846806323095,1.0808623570235187,1.0808623570235187,1
Wisconsin,31.8,2020,42.8,70553.0,31.72,Wisconsin2020,0.2716806810633937,0.12881173178018984,0.6460160357021293,1.354954805037631,1.354954805037631,2
Wyoming,28.2,2020,40.4,68506.0,24.41,Wyoming2020,0.054355779482783854,0.1450894568690096,2.0143370607028754,1.6049161341853035,1.6049161341853035,1
